"rank","judul","tahun","episode","network","umur","sinopsis","genre","tags","rating","funfact"
"1","Move to Heaven","2021","10","Netflix","18+","Menceritakan kisah dari Han Geu-Roo yang menderita Sindrom Asperger atau gangguan spektrum autisme dan pamannya Jo Sang-Koo, mantan narapidana. Mereka berdua bertemu melalui kematian ayah Han Geu-Roo yang akhirnya menjalankan bisnis pembersihan trauma (trauma cleaner) bersama bernama Move to Heaven. Pekerjaan mereka adalah membersihkan tempat kejadian perkara dan mengatur barang-barang peninggalan orang yang telah tiada.","Life,  Drama,  Family ","Autism, Father-Son Relationship, Uncle-Nephew Relationship, Death Of A Parent, Savant Syndrome, Mourning, Tearjerker, Death, Ex-convict, Childhood Friends","9.2","Drama ini diadaptasi dari kisah nyata yaitu Sosok Kim Sae-Byul, orang pertama yang menjalani profesi penghapus trauma orang meninggal di Korea Selatan. Ia menawarkan jasa bersih-bersih rumah setelah dibunuh, bunuh diri, ataupun kematian tanpa pengawasan. Baik baru beberapa hari, minggu, hingga beberapa bulan sejak jasad ditemukan."
"2","Hospital Playlist","2020","12","tvN, Netflix ","15+","Kisah-kisah tentang orang-orang yang menjalani hari-harinya yang tampak biasa tetapi sebenarnya istimewa, di rumah sakit, tempat yang dikenal sebagai mikrokosmos kehidupan, di mana seseorang dilahirkan dan menemui ajalnya. Kelima dokter tersebut adalah teman lama 20 tahun yang memulai pendidikan sarjana mereka pada tahun 1999 di sekolah kedokteran yang sama dan sekarang adalah rekan kerja di rumah sakit yang sama dan memiliki band bersama.","Friendship,  Romance,  Life,  Medical ","Strong Friendship, Doctor, Multiple Mains, Slow Romance, Best Friends, Hospital, Slight Romance, Strong Female Lead, Nice Male Lead, Heartfelt","9.1","Nama para tokoh Hospital Playlist diambil dari nama pemain tim bisbol di Korea Selatan agar mudah diingat."
"3","Flower of Evil","2020","16","tvN, Netflix, Vidio, iQIYI, viu, Amazon Prime Vide","15+","Meskipun Baek Hee Sung menyembunyikan rahasia gelap seputar identitas aslinya, ia telah membangun kehidupan keluarga yang bahagia dan karier yang sukses. Dia adalah suami yang penuh kasih dan ayah yang menyayangi putrinya yang masih kecil. Tapi fasadnya yang sempurna mulai runtuh ketika istrinya, Cha Ji Won, seorang detektif pembunuhan, mulai menyelidiki serangkaian pembunuhan berantai dari 15 tahun yang lalu. Ji Won menyadari perubahan perilaku Hee Sung dan mulai bertanya-tanya apakah dia mungkin menyembunyikan sesuatu darinya.","Thriller,  Romance,  Crime,  Melodrama ","Married Couple, Deception, Suspense, Family Secret, Hidden Personality, Smart Female Lead, Antisocial Personality Disorder, Detective, Serial Killer, Investigation","9.1","Judul drama ini terinspirasi dari buku puisi Charles Baudelaire, berjudul Les Fleurs du mal yang jika diterjemahkan dalam Bahasa Inggris menjadi The Flowers of Evil. 

Drama ini juga diadaptasi ulang, lho oleh dua negara, yakni Filipina dan India!"
"4","My Mister","2018","16","tvN, Netflix, Vidio, iQIYI, Viu","15+","Park Dong Hoon adalah seorang insinyur paruh baya yang menikah dengan pengacara Kang Yoon Hee. Namun, hidupnya tidak begitu bahagia karena dia memiliki dua saudara lelaki yang menganggur, Sang Hoon dan Gi Hoon, yang bergantung padanya. Selain itu, istrinya diam-diam berselingkuh dengan CEO Do Joon Yeong, junior kuliah Dong Hoon tetapi bos saat ini.","Business,  Psychological,  Life,  Drama,  Family ","Nice Male Lead, Strong Female Lead, Hardship, Smart Female Lead, Healing, Depression, Poor Female Lead, Workplace, Age Gap, Slice Of Life","9.1","Penggemar IU (pemeran wanita utama) merasa keberatan ketika tahu idolanya dipasangkan dengan Lee Sun-kyun yang sudah berusia 43 tahun. Mereka membanjiri Instagram IU untuk menyatakan penolakan mereka, namun IU sama sekali tidak bergeming."
"5","Prison Playbook","2017","16","tvN,  Netflix, Disney+, Viu, Vidio, iQIYI, Amazon ","15+","Menceritakan kisah atlet baseball terkenal bernama Je Hyeok (Park Hae Soo) yang dipenjara karena tuduhan percobaan pembunuhan pada pria yang mencoba melecehkan adiknya. Ia dijatuhi hukuman 1 tahun penjara dan sejak itu hidupnya berubah drastis.

Di penjara Je Hyeok bertemu dengan teman lamanya pemain bisbol, Lee Joon Ho, yang kini menjadi seroang sipir penjara. Secara keseluruhan, drama ini berkisah tentang Je Hyuk selama di penjara, serta tahanan yang dia temui dan peristiwa yang terjadi di sana.","Comedy,  Life,  Drama ","Prison, Bromance, Wrongfully Accused, Life Lesson, Slice Of Life, Slight Romance, Strong Male Lead, Character Development, Baseball, Gangster","9.1","Latar tempat utama di drama ini adalah penjara sungguhan, yaitu Jangheung Prison Set. Penjara tersebut beroperasi sejak tahun 1975 dan ditutup pada tahun 2015. Kemudian, pada tahun 2016 dialihfungsikan menjadi tempat syuting."
"6","It's Okay to Not Be ","2020","16","tvN,  Netflix","15+","Mengisahkan tentang orang-orang yang haus cinta dan kasih sayang namun mengalami trauma dalam hidupnya. Kemudian saling bertemu dan menumbuhkan rasa satu sama lain dan berakhir dengan saling dukung serta saling cinta.

Moon Gang Tae adalah seorang pekerja kesehatan komunitas di bangsal psikiatri yang diberkati dengan segala sesuatu termasuk tubuh yang besar, kecerdasan, kemampuan untuk bersimpati dengan orang lain, kesabaran, kemampuan untuk bereaksi dengan cepat, stamina, dan banyak lagi. Sementara itu, Ko Moon Young adalah seorang penulis sastra anak populer yang menderita gangguan kepribadian antisosial, tampak sangat egois, arogan, dan kasar.","Psychological,  Comedy,  Romance,  Drama,  Family ","Sibling Relationship, Melodrama, Mental Health, Independent Female Lead, Emotionally Wounded, Successful Female Lead, Healing, Caregiver, Childhood Connection, Psychiatry","9","Drama ini merupakan comebacknya Kim Soo Hyun setelah absen menjadi pemeran utama selama 5 tahun. Untuk mendapatkan peran Kim Soo Hyun sebagai Kang Moon Tae di drama ini tvN berani membayarnya lebih dari 200 juta won atau sekitar 2,3 milyar rupiah per episodenya."
"7","Reply 1988","2015","20","tvN, Netflix, Viu, Vidio, iQIYI, Amazon Prime Vide","15+","Drama ini bercerita tentang 5 orang sahabat yang hidup dalam satu gang yang sama bernama Ssangmundong di tahun 1988. Mereka adalah siswa SMA yang sedang menapaki jalan mewujudkan mimpi menuju masa depan. Tidak hanya menyoroti persahabatan mereka berlima, drama ini juga menonjolkan kehangatan hidup bertetangga yang saling membantu satu sama lain saat suka dan duka.","Comedy,  Romance,  Youth,  Family ","Slice Of Life, Neighbors, Childhood Friends, Multiple Couples, Love Triangle, Best Friends, High School, Coming Of Age, Bromance, Nostalgia","9","Latar belakang tahun dari drama ini berlatar tahun 80-an, yang merupakan tahun ketika Korea Selatan sebagai negara berkembang sedang bergerak menuju kemajuan dan modernitas.

Fakta menarik lainnya, Reply 1988 beserta para pemainnya berhasil mendapatkan banyak sekali penghargaan yang terhitung besar untuk ukuran acara award."
"8","Signal","2016","16","tvN, Vidio, Disney+","15+","Menceritakan kerja sama detektif di zaman dahulu dan zaman sekarang dalam memecahkan kasus pemerkosaan dan pembunuhan melalui walkie-talkie. 

Lima belas tahun yang lalu, seorang gadis muda diculik dalam perjalanan dari sekolah, dan Park Hae Yeong, yang merupakan siswa sekolah dasar pada waktu itu, menyaksikan kejahatan itu. Beberapa hari kemudian, gadis itu ditemukan tewas, dan polisi tidak dapat menemukan pelakunya. Seiring berjalannya waktu, Hae Yeong mulai tidak mempercayai polisi.","Thriller,  Mystery,  Crime,  Drama,  Supernatural ","Different Timelines, Hwaseong Serial Murders, Murder, Criminal Profiler, Serial Killer, Tragic Past, Smart Female Lead, Corruption, Time Altering, Kidnapping","9","Pada 2016, Signal dinobatkan sebagai drama terbaik sepanjang sejarah pertelevisian kabel Korea. Signal juga berhasil mencapai rating 12,54 persen.

Signal juga berhasil memenangkan penghargaan Best Drama serta Best Screenplay dalam BaekSang Arts Awards di tahun yang sama."
"9","Navillera","2021","12","tvN,  Netflix","15+","Drama mengharukan yang diangkat dari Webtoon ini bercerita tentang seorang pria bernama Duk Chool (Park In Hwan) yang memulai balet pada usia 70 dan seorang balerino muda bernama Chae Rok (Song Kang) yang kehilangan mimpinya pada usia 23.","Friendship,  Life,  Drama,  Family ","Ballet, Unusual Friendship, Dream, Life Lesson, Old-Young Generation, Ballet Dancer, Personal Growth, Adapted From A Webtoon, Father-Son Relationship, Talented Lead","9","Demi peran Lee Chae Rok, Song Kang berlatih balet selama sekitar 6 bulan penuh."
"10","Mr. Queen","2020","20","tvN, Viu, Vidio","15+","Mengisahkan tentang pertukaran tubuh yang terjadi antara Jang Bong Hwan (seorang koki di istana negara Korea Selatan (Blue House)) dan Kim So-Yong (seorang Ratu pada era Dinasti Joseon, dinasti yang berperan dalam pembangunan Korea Selatan yang lebih modern). 

Meski bercerita tentang sejarah dan dipenuhi intrik politik, drama Mr. Queen dipenuhi dengan adegan komedi romantis yang dapat membuat penonton terhibur.","Historical,  Comedy,  Romance,  Drama,  Fantasy ","Smart Male Lead, Transmigration, Calm Male Lead, Joseon Dynasty, King/Emperor, Body Swap, Time Travel, Gender Swap, Palace, Power Struggle","9","Pada penayangan episode terakhirnya, Mr. Queen berhasil mencapai rating ketujuh tertinggi dalam sejarah, setelah drama Crash Landing on You, Goblin, Reply 1988, dan Mr. Sunshine ​."
"11","Mother","2018","16","tvN, Vidio, Amazon Prime Video","15+","Mengisahkan tentang seorang guru dan seorang anak yang selalu dianiaya oleh ibu kandungnya. Namun, akhirnya guru tersebut bersedia menjadi ibu pengganti dari si anak tersebut dalam rangka untuk lebih memenuhi tanggung jawab guru dan masa depan anak tersebut.","Suspense,  Mystery,  Psychological,  Family,  Melo","Mother-Daughter Relationship, Independent Female Lead, Orphan Female Lead, Smart Female Lead, Child Abuse, Adoption, Strong Female Lead, Child, Motherhood, Psychopath","9","Drama ini merupakan garapan ulang atau remake dari serial TV Jepang NTV dengan judul yang sama dan tayang pada 2010 silam."
"12","Vincenzo","2021","20","tvN,  Netflix ","15+","Mengisahkan tentang Park Joo Hyung alias Vincenzo Cassano yang diadopsi dan pindah ke Italia sejak berusia delapan tahun. Ia menjadi pengacara andal sekaligus tangan kanan mafia. Karena terjadi pertengkaran besar antar kelompok mafia di Italia, ia melarikan diri ke Korea Selatan untuk mengambil emas yang tersembunyi di sebuah gedung bernama Geumga-dong, dan ia juga terlibat dengan pengacara Hong Cha Young. Ia adalah tipe pengacara yang akan melakukan apa saja untuk memenangkan sebuah kasus. Vincenzo dan Hong Cha Young bekerja sama untuk menangkap penjahat dan mendapatkan haknya.","Comedy,  Law,  Crime,  Drama ","Lawyer, Revenge, Mafia, Smart Male Lead, Eccentric Female Lead, Injustice, Competent Protagonist, Charming Male Lead, Father-Daughter Relationship, Funny Female Lead","9","Vincenzo berhasil mencapai rating keenam tertinggi dalam sejarah tvN, setelah drama Crash Landing on You, Goblin, Reply 1988, Mr. Sunshine dan terbarunya Mr. Queen."
"13","SKY Castle","2018","20","jTBC, Netflix, WeTV, Viki","15+","Mengisahkan tentang kehidupan konglomerat di Korea Selatan yang saling bersaing demi kesuksesan keluarganya masing-masing. Mereka tinggal di Sky Castle, lingkungan mewah dengan profesi dokter dan profesor kaya. Selain mendidik anak-anaknya seperti putra-putri kerajaan, semua wanita juga mendorong para suami untuk tidak terkalahkan dengan anggota Sky Castle lainnya.","Mystery,  Psychological,  Drama,  Family ","Multiple Mains, Social Commentary, Sibling, Makjang, Medical, Social Satire, Female Centered Plot, Satire, Mother-Daughter Relationship, Death","9","Episode pertama drama ini hanya mampu meraih rating sebesar 1,7 persen secara nasional. Namun, berkat jalan ceritanya yang menarik serta menegangkan, drama ini meraih rating tertinggi di stasiun TV JTBC."
"14","Crash Landing on You","2019","16","tvN, Netflix ","15+","Setelah mengalami kecelakaan paralayang, pewaris Korea Selatan Yoon Se Ri jatuh di Korea Utara. Di sana, ia bertemu dengan perwira tentara Korea Utara Ri Jung Hyuk, yang setuju untuk membantunya kembali ke Korea Selatan. Terlepas dari ketegangan antara negara mereka, keduanya mulai saling jatuh cinta. Namun cinta mereka terhalang oleh perbedaan yang begitu besar.","Military,  Comedy,  Romance,  Drama,  Political ","North And South Korea, Star Crossed Lovers, Lovers From Different Countries, Strong Male Lead, Army Officer, Soldier, Rich Female Lead, Calm Male Lead, Fate, North Korean","9","Drama ini mengambil setting tempat di antara Korea Selatan dan Korea Utara. Di dalam drama ini terlihat perbedaan kehidupan di dua negara ini. Selain itu, mereka juga melakukan syuting di Swiss."
"15","Kingdom 2","2020","6","Netflix","18+","Mengisahkan seorang Putra Mahkota yang dikirim ke sebuah misi bunuh diri, yang mana ia harus menginvestigasi sebuah wabah misterius yang menyebar di negeri mereka. Putra Mahkota yang diperankan oleh Joo Ji Hoon ini kemudian menemukan fakta kalau wabah yang menyebar ini ternyata berbentuk zombie. Tentu saja tidak mudah perjuangannya untuk mengalahkan zombie-zombie yang semakin banyak tersebut. Belum lagi berbagai politik kerajaan yang harus dihadapinya.","Thriller,  Historical,  Horror,  Zombies ","Strong Female Lead, Corruption, Strong Male Lead, Smart Female Lead, Gore, Greed, Power Struggle, Prince Lead, Pre-produced, Palace Politics","8.9","Kingdom merupakan drama Korea original pertama Netflix. Sang penulis naskah membutuhkan waktu hingga 8 tahun dengan budget yang fantastis, yakni 1,7 juta dolar AS atau sekitar 26 juta rupiah per episodenya."
"16","Healer","2014","20","Netflix, iQIYI, Vidio, Viu","15+","Seo Jung Hoo adalah pengantar pesan rahasia khusus, yang hanya dikenal sebagai ""Healer"" oleh kliennya. Dengan harga yang tepat dan dengan bantuan seorang peretas jenius, dia mendapatkan kliennya apa pun yang mereka inginkan, selama itu tidak melibatkan pembunuhan. Pekerjaan terakhirnya membawanya ke penulis tabloid kelas dua, Chae Young Shin, dan reporter sukses, Kim Moon Ho. Dia mulai mengungkap misteri masa lalunya sendiri dengan dua reporter, sehingga menempatkan mereka semua dalam bahaya.","Action,  Thriller,  Mystery,  Comedy,  Romance,  D","Double Identity, Hidden Identity, Childish Female Lead, Strong Male Lead, Secret, Fight, Sassy Female Lead, Reporter, Hardworking Female Lead, Trauma","8.9","Healer memenangkan nominasi Best Korea Drama-Melodrama dalam penghargaan Annual Drama Fever Awards ke-4.

Sedangkan pemeran utamanya yaitu Ji Chan Wook dan Chae Young Shin memenangkan nominasi Best Couple pada penghargaan Annual Drama Fever Awards ke-4 dan KBS Drama Awards 2014."
"17","Mr. Sunshine","2018","24","tvN, Netflix","15+","Menceritakan tentang seorang anak laki-laki yang lahir dalam keluarga pembantu rumah tangga dan melakukan perjalanan ke Amerika Serikat selama tahun 1871 Shinmiyangyo (ekspedisi AS ke Korea). Dia kembali ke tanah airnya nanti sebagai perwira marinir AS. Dia bertemu dan jatuh cinta dengan putri seorang bangsawan. Pada saat yang sama, ia menemukan plot oleh pasukan asing untuk menjajah Korea.","Action,  Military,  Historical,  Romance,  Drama, ","Independent Female Lead, Strong Male Lead, Strong Female Lead, Smart Male Lead, Bromance, Mature Protagonist, Soldier, Foreigner, Rebellion, Japanese Colonial Rule","8.9","Mr. Sunshine termasuk salah satu drama dengan biaya fantastis yang diproduksi saat itu, yakni mencapai 38,5 Juta USD atau sekitar 547 miliar rupiah."
"18","Stranger","2017","16","tvN, Netflix ","15+","Hwang Si Mok (Cho Seung Woo) menjalani operasi otak ketika dia masih kecil dan menyebabkan ia menjadi sosok yang dingin dan tidak bisa merasakan emosi serta berempati. Hwang Si Mok dewasa kemudian bekerja menjadi seorang jaksa yag rasional, dingin, namun juga kesepian. Dia juga satu-satunya jaksa yang tidak terlibat korupsi di kantornya.

Suatu hari, ia bertemu dengan korban penusukan saat menyelidiki korupsi. Ia bertemu Letnan Han Yeo Jin di TKP. Mereka bergabung untuk membasmi korupsi di kantor kejaksaan dan memecahkan kasus pembunuhan berantai.","Thriller,  Law,  Crime,  Drama ","Suspense, Corruption, Murder, Prosecutor, Detective, Crime Solving Duo, Calm Male Lead, Alexithymia, Strong Female Lead, Smart Female Lead","8.9","Stranger berhasil menyabet gelar Daesang atau Grand Prize pada penghargaan bergengsi 54th Baeksang Arts Awards dan masuk ke dalam jajaran 10 drama internasional terbaik versi New York Times pada tahun 2017."
"19","Goblin","2016","16","tvN, Netflix, Vidio, Viu","15+","Kim Shin pernah menjadi jenderal tak terkalahkan di militer Goryeo yang meninggal secara tragis. Ia sekarang memiliki keabadian tetapi lelah hidup sementara semua orang di sekitarnya mati. Selama 900 tahun, Kim Shin telah mencari pengantinnya, seorang manusia yang bisa mencabut pedang dan mengakhiri hidupnya. 

Suatu hari, ia bertemu Ji Eun Tak, seorang siswa sekolah menengah yang positif dan optimis yang dapat melihat orang mati dan telah melalui peristiwa tragis, namun masih tetap kuat. Dia mengaku sebagai pengantin Goblin yang dapat mengakhiri hidup abadi, tapi apa yang tampaknya menjadi tugas yang mudah, hanya menjadi rumit, karena keduanya jatuh cinta.","Comedy,  Romance,  Fantasy,  Melodrama,  Supernatu","Supernatural, Older Man/Younger Woman, Grim Reaper, Interspecies Romance, Age Gap, Dokkaebi, Fate, Tearjerker, Bromance, Heartfelt","8.9","Gong Yoo dalam drama ini mengenakan 182 pakaian, belum termasuk kostum era kerajaan. Ia pun harus berganti pakaian sebanyak 11 kali setiap episodenya. 

Bayaran untuk jadi figuran di Goblin cukup lumayan, sehari menjadi figuran mendapat bayaran 130.000 won atau sekitar Rp 1,47 juta."
"20","The Uncanny Counter","2020","16","OCN,  Netflix","15+","Bercerita tentang pemburu iblis bernama Counters yang datang ke bumi dengan kedok menjadi karyawan di sebuah restoran mie untuk menangkap roh-roh jahat yang telah kembali ke bumi untuk mengejar kehidupan abadi.","Action,  Mystery,  Drama,  Supernatural ","Special Power, Righteous Male Lead, Death Of Parents, Evil Spirit, Strong Female Lead, Multiple Mains, Orphan Male Lead, Spirit, School Bullying, Childhood Trauma","8.8","Drama ini merupakan adaptasi webtoon karya Jang Yi berjudul Kyeongirowoon Somoon yang sangat populer pada 2018 saat pertama kali dipublikasikan."
"21","The Penthouse 2","2021","13","SBS, Vidio, Viu","15+","Setelah berhasil menjebak Oh Yoon Hee, Cheon Seo Jin dan Joo Dan Tae memutuskan untuk menikah. Pesta pertunangan mereka diganggu oleh Oh Yoon Hee dan Ha Yoon Cheol, yang baru saja kembali dari Amerika Serikat. Saat rahasia terungkap, hubungan di antara orang-orang di Istana Hera terjerat, namun sosok misterius lain muncul dan menghadapi mereka.","Suspense,  Thriller,  Crime,  Drama,  Family ","Makjang, Revenge, High Class Society, Female Centered Plot, Greed, Multiple Mains, Infidelity, Murder, Family Relationship, Betrayal","8.8","The Penthouse 2 hanya perlu dua episode untuk bisa meraih rating lebih dari 20 persen."
"22","Life on Mars","2018","16","OCN","15+","Han Tae Joo (Jung Kyung Ho), seorang detektif pintar yang punya prinsip kuat, tiba-tiba terbangun dan berada di tahun 1988 dengan keadaan hilang ingatan. Ia aslinya berasal dari tahun 2018. Ia sekarang adalah seorang detektif yang ditunjuk untuk bekerja di sebuah kantor polisi di sebuah kota kecil. Untuk kembali ke masa sekarang, Han Tae Joo mencoba menyelesaikan kasusnya.","Action,  Mystery,  Psychological,  Comedy,  Drama,","1980s, Bromance, Police Procedural, Calm Male Lead, Strong Friendship, Police Officer, Smart Male Lead, Slight Romance, Strong Female Lead, Hallucination","8.8","Life on Mars diadaptasi dari serial televisi asal Inggris berjudul sama yang tayang pada tahun 2006-2007."
"23","Weightlifting Fairy ","2016","16","iQIYI, Netflix, Vidio, Viu","15+","Drama ini berfokus pada keseharian seorang gadis bernama Kim Bok Joo yang jatuh cinta untuk pertama kalinya. Ia berumur 20 tahun dan merupakan seorang atlet angkat besi yang bermimpi memenangkan medali emas. Drama ini mencakup kisah dan hubungan masa depan mereka melalui kehidupan yang sibuk sesama atlet.","Friendship,  Comedy,  Romance,  School,  Youth,  S","College Life, Dream, Friends To Lovers, Weightlifting, Strong Female Lead, Bantering Relationship, Male Chases Female First, Tomboy, Sismance, Swimming","8.8","Serial drama ini terinspirasi dari atlet angkat besi asal Korea Selatan bernama Jang Mi Ran yang memenangkan medali emas pada ajang Olimpiade Musim Panas Beijing 2008. 

Kedua pemeran utama Lee Sung Kyung dan Nam Joo Hyuk dikonfirmasi berkencan pada April 2017."
"24","Kingdom","2019","6","Netflix","18+","Bercerita mengenai serangan zombie yang terjadi di jaman Joseon. Awalnya, setelah 10 hari berlalu sejak Raja jatuh sakit, rumor kematiannya dimulai. Klan Cho, klan Ratu yang sedang hamil dan ayahnya, Kepala Penasihat Negara Cho Hak Joo, menyatakan Putra Mahkota sebagai pengkhianat karena mempertanyakan keadaan seputar kematian Raja.","Thriller,  Historical,  Horror,  Zombies ","Joseon Dynasty, Power Struggle, Adapted From A Webtoon, Gore, Nice Male Lead, Strong Male Lead, Prince Lead, Corruption, Survival, Doctor","8.8","Drama ini diadaptasi dari sebuah webtoon populer berjudul “Burning Hell Shinui Nara” karya Kim Eun Hee dan Yang Kyung Ill yang dipublikasikan pada 23 Juli 2013. Saat itu, aktor Song Joong Ki ditawari sebagai pemeran utama dalam drama ini, namun ia menolaknya."
"25","The Penthouse","2020","21","SBS, Netflix, Vidio, Viu","15+","Penghuni Istana Hera, apartemen penthouse mewah dengan 100 lantai, memiliki banyak rahasia dan ambisi tersembunyi. Sim Su Ryeon, yang terlahir dalam kekayaan, adalah ratu apartemen penthouse. Cheon Seo Jin, primadona kediaman, melakukan semua yang ia bisa untuk memberikan segalanya kepada putrinya. Oh Yoon Hee berasal dari latar belakang keluarga miskin, tetapi ia berusaha memasuki masyarakat kelas atas dengan menjadi ratu penthouse, puncak kesuksesan di matanya. 

Pertarungan untuk kekayaan, kekuasaan, dan prestise di penthouse paling didambakan di Seoul dimulai.","Suspense,  Thriller,  Crime,  Drama,  Family ","Makjang, Greed, Revenge, Married Couple, Multiple Mains, Betrayal, Jealousy, Female Centered Plot, Opera Singer, Twins","8.8","Hera Palace yang diceritakan berada di kawasan Samseong-dong, Gangnam-gu, sebenarnya tidak nyata alias dibuat dengan teknologi komputer."
"26","Sweet Home","2020","10","Netflix","18+","Setelah kematian keluarganya dalam kecelakaan, Cha Hyun Soo si penyendiri pindah ke apartemen baru. Kehidupannya yang tenang, tiba-tiba terganggu oleh insiden aneh yang mulai terjadi di apartemennya, dan di seluruh Korea. Saat orang-orang mulai berubah menjadi monster, Hyun Soo dan penduduk lainnya mencoba bertahan.","Action,  Thriller,  Horror,  Psychological,  Drama","Monsters, Gore, Survival, Character Development, Adapted From A Webtoon, Supernatural Phenomena, School Bullying, Attempted Suicide, Trauma, Multiple Mains","8.8","Tim produksi Sweet Home menggandeng Legacy Effects dan Spectral Motion yang merupakan studio special effects terbaik di Hollywood. Teknologi yang digunakan untuk animasi dan efek dari Sweet Home sendiri pun diadopsi dari teknologi film blockbuster ternama seperti Game of Thrones dan Aquaman."
"27","Beyond Evil","2021","16","jTBC, Viu ","15+","Menceritakan tentang mantan detektif hebat bernama Lee Dong Sik (Shin Ha Kyun) dan Han Joo Won (Yeo Jin Goo). Mereka adalah pria yang tak kenal takut dan berusaha keras dalam mengejar pembunuh berantai yang telah mengguncang kota mereka yang tenang.","Thriller,  Mystery,  Psychological,  Drama ","Suspense, Murder, Wrongfully Accused, Police, Trauma, Psychological Manipulation, Smart Male Lead, Determined Male Lead, Serial Killer, Detective","8.8","Beyond Evil digarap oleh sutradara perempuan bernama Shim Nayeon."
"28","18 Again","2020","16","jTBC, iQIYI, Netflix, Vidio, Viu","15+","Mengisahkan seorang suami bernama Hong Dae Young yang berumur 37 tahun, tiba-tiba kembali ke masa jayanya, tepat pada umur 18 tahun sebelum adanya perselisihan hingga perceraian dengan istrinya, Jung Da Jung. Walaupun wujudnya kembali muda, pikirannya masih sama seperti dirinya yang telah berusia 37 tahun. Ia berusaha mengubah namanya menjadi Go Woo-Young dan menjalankan kehidupan barunya yang luar biasa dan berusaha memperbaiki hubungannya dengan Jung Da Jung.","Comedy,  Romance,  Life,  Youth,  Drama,  Fantasy ","Second Chance, Personal Growth, First Love, Return To Past, Father-Son Relationship, Divorce, Remake, Married Couple, Hardworking Female Lead, Father-Daughter Relationship","8.8","Drama ini diadaptasi dari film Hollywood berjudul 17 Again yang tayang pada tahun 2009 dan dibintangi oleh Matthew Perry, Zac Efron, hingga Leslie Mann."
"29","The Guest","2018","16","OCN","18+","Yoon Hwa Pyung, seorang paranormal muda yang lahir dalam keluarga dukun, belajar tentang iblis kuat yang disebut ""Son/anak"" (Tamu). Iblis memiliki kekuatan untuk mengendalikan iblis lain dan memungkinkan mereka untuk merasuki orang yang lemah. Orang-orang yang kerasukan kemudian menjadi gila, membunuh keluarga mereka, dan menusuk mata mereka sendiri. Nasibnya, Hwa Pyung, Choi Yoon; seorang anak laki-laki yang lahir dalam keluarga Katolik yang religius, dan Kang Kil Yeong; putri seorang detektif, bertemu ketika keluarga mereka dibunuh oleh iblis.","Thriller,  Mystery,  Horror,  Supernatural ","Exorcism, Death, Demon, Possessed, Shamanism, Murder, Psychic, Strong Female Lead, Priest, Policewoman","8.8","Digarap oleh sutradara handal yaitu Kim Hong-Sun yang telah menggarap berbagai drama maupun film layar lebar genre misteri dan kriminal, seperti drama ""Black"" dan ""Voice"", selain itu film layar lebar ""The Age of Blood""."
"30","Taxi Driver","2021","16","SBS, Netflix, Vidio, Viu","18+","Mengisahkan tentang Kim Do Ki (pemain Lee Je Hoon), seorang lulusan akademi Angkatan Laut Korea Selatan yang menjadi anggota militer. Hidupnya berubah setelah ibunya meninggal secara tragis dibunuh pembunuh berantai. Kim Do Ki menjadi seorang pengemudi taksi mewah untuk orang-orang yang ingin membalaskan dendamnya pada para penjahat. Setiap episode, drama ini menghadirkan kisah balas dendam yang berbeda-beda.","Action,  Suspense,  Thriller,  Mystery,  Crime,  D","Adapted From A Webtoon, Revenge, Taxi, Strong Male Lead, Prosecutor, Tragic Past, Secret Organization, Smart Female Lead, Taxi Driver, Death Of A Parent","8.8","Menjadi Drakor dengan rating tertinggi di awal dan akhir penayangan, juga menempati posisi ke-4 untuk drama dengan rating tertinggi dari kanal SBS."
"31","Six Flying Dragons","2015","50","SBS","15+","Berlatar masa-masa surutnya Dinasti Goryeo, drama ini menggambarkan kehidupan dan aspirasi enam karakter dalam membangun negara baru bernama Joseon, dengan Lee Bang Won sebagai tokoh sentral. Sebuah perpaduan antara segeuk dan fiksi, cerita ini mengikuti konflik 'Six Playing Dragons' dengan kekuatan yang tertanam pada diri mereka ketika mereka berusaha untuk mewujudkan mimpi yang mereka semua bagikan dari sebuah negara baru yang didirikan berdasarkan prinsip-prinsip Konfusian, yang pada akhirnya akan bertahan lama, selama 500 tahun.","Action,  Historical,  Drama,  Martial Arts,  Polit","Revolution, Power Struggle, Political Intrigue, Sword-fight, Taejong, Scheme, Taejo, Morally Ambiguous Lead, Smart Male Lead, Goryeo Dynasty","8.8","Drama ini sempat mengundang kontroversi karena adanya adegan yang menampilkan pemerkosaan terhadap anak di bawah umur. Pihak 'Six Flying Dragons' memberikan penjelasan bahwa adegan tersebut memang penting sebagai sebuah titik tolak perubahan psikologis karakter yang ada."
"32","Chicago Typewriter","2017","16","tvN, Viu","15+","Bercerita tentang seorang penulis terkenal yang kembali terhubung dengan masa lalunya setelah mendapat mesin tik tua. Penulis yang hidup di masa pemerintahan Jepang tahun 1930 yang bereinkernasi menjadi seorang penulis buku laris (best seller), namun saat ini sedang mengalami kemerosotan.","Friendship,  Mystery,  Comedy,  Romance,  Supernat","Reincarnation, Strong Friendship, Writer, Hardworking Male Lead, Hardworking Female Lead, Strong Female Lead, Successful Male Lead, Bromance, Flashback To Past, Tragic Past","8.8","Karakter Jeon Seol yang diperankan oleh Im Soo-jung dikabarkan pernah ditawarkan ke aktris cantik Park Shin-hye (The Heirs, Doctors)."
"33","Defendant","2017","18","SBS, Viu","15+","Park Jung Woo adalah seorang jaksa di Kantor Kejaksaan Distrik Pusat Seoul. Suatu hari, ia bangun dan mendapati dirinya sebagai terpidana mati. Menderita amnesia sementara, Jung Woo tidak tahu apa yang terjadi hingga membuatnya dipenjara. Ia berjuang untuk memulihkan ingatannya dan membersihkan namanya sebelum waktunya habis.","Suspense,  Thriller,  Mystery,  Law,  Drama ","Prison, Murder, Amnesia, Wrongfully Accused, Bromance, Identity Swap, Twins, Prisoner, Friends To Enemies, Hatred","8.8","Pada episode pertama, drama ini mendapat rating cukup tinggi yaitu 14,5% di Korea berdasarkan Nielsen Korea."
"34","While You Were Sleep","2017","32","SBS, iQIYI, Vidio, Viu","15+","Berkisah tentang Hong Joo (Bae Suzy) yang tinggal bersama ibunya dan membantunya menjalankan restoran babi. Hong Joo dihantui dengan melihat kematian orang lain di masa depan dalam mimpinya. Yang lebih buruk adalah ia tidak tahu kapan kematian akan terjadi, tetapi ia mencoba menghentikan mimpinya menjadi kenyataan. Suatu malam, Hong Joo bermimpi tentang kematian ibunya sendiri.","Thriller,  Mystery,  Comedy,  Romance,  Drama,  Fa","Precognition, Nice Male Lead, Neighbors, Murder, Tragic Past, Prosecutor, Childhood Acquaintance, Smart Male Lead, Steamy Kiss, Police Officer","8.7","Sebelum ditayangkan di Channel SBS, drama While You Were Sleeping diproduksi 100% terlebih dahulu. Artinya, drama dibuat tak kejar tayang dan hanya memakan waktu selama lima bulan."
"35","Kill Me, Heal Me","2015","20","MBC, iQIYI, Viu, WeTV","15+","Pengalaman masa kecil yang traumatis membuat Cha Do Hyeon menderita kehilangan ingatan dan disosiasi. Pengalaman buruk Cha Do Hyun saat masih kecil itu akhirnya menciptakan 7 kepribadian yang berbeda muncul dalam dirinya. Untuk mendapatkan kembali kendali atas hidupnya, ia meminta Oh Ri Jin, seorang psikiater tahun pertama, untuk membantunya, tetapi ia malah jatuh cinta dengan salah satu kepribadiannya. Saudara kembar Ri Jin, Oh Ri On, seorang novelis misteri terkenal, menyelidiki Do Hyeon dan keluarganya.","Psychological,  Comedy,  Romance,  Drama ","Dissociative Identity Disorder, Trauma, Boss/Employee Relationship, Rich Male Lead, Mental Health, PTSD, Psychiatry, Nice Male Lead, Mean Male Lead, Rich Man/Poor Woman","8.7","Dalam MBC Drama Awards 2015 ini, drama Kill Me Heal Me berhasil memborong penghargaan dalam 9 kategori."
"36","Dear My Friends","2016","16","tvN, Netflix, Disney+ Hotstar, Prime video, K-DRAM","15+","Park Wan adalah seorang penerjemah yang terus-menerus ditarik oleh ibunya, Jang Nan Hee, untuk bergaul dengan teman tuanya, Jo Hee Ja, Moon Jung Ah, Oh Choong Nam, dan Lee Yeong Won. Plotnya berputar di sekitar kehidupan teman-teman dan cerita yang mereka bagikan dengan Park Wan dengan harapan dia akan menulis novel tentang mereka.","Friendship,  Life,  Drama,  Family,  Melodrama ","Best Friends, Life Lesson, Female Centered Plot, Senior Citizen, Mother-Son Relationship, Mother-Daughter Relationship, Multiple Couples, Single Mother, Abusive Relationship, Slice Of Life","8.7","Drama ini mampu mengalahkan ""Goblin"" dalam penghargaan drama terbaik di Baeksang Award"
"37","Youth of May","2021","12","KBS2, Viki, Netflix, Prime Video","15+","Hee Tae menjadi kebanggaan Gwangju saat ia memasuki Seoul National University College of Medicine dengan nilai tertinggi. Sahabatnya, Kyung Soo, seorang aktivis pro-demokrasi yang rajin, bersikeras bahwa mereka membuka klinik ilegal untuk siswa yang melarikan diri dari pemerintah. Suatu hari, seorang pekerja pabrik terluka saat protes. Sebagai ganti biaya transportasi diam-diam dirinya dan pekerja pabrik ke kampung halamannya, Hee Tae harus pergi ke pertemuan dengan calon pasangan pernikahan yang diatur oleh ayahnya. Pada pertemuan ini, Hee Tae bertemu dengan Myung Hee, seorang perawat yang bertahan melalui kesulitan hidup. Dia hanya setuju untuk pergi ke pertemuan ini menggantikan temannya Soo Ryeon, karena dia harus memikirkan tiket pesawat untuk pergi belajar di Jerman. Namun, Myung Hee dan Hee Tae akhirnya jatuh cinta. Pada bulan Mei 1980, di tengah semangat dan tangisan untuk demokr","Historical,  Romance,  Youth,  Drama,  Melodrama ","1980s, Nurse, Rich Man/Poor Woman, Gwangju Uprising, Medical Student, Strong Female Lead, Smart Female Lead, Sad Romance, Forbidden Love, Star Crossed Lovers","8.7","Drama ini berdasarkan peristiwa nyata, yaitu Pemberontakan Gwangju yang terjadi di kota Gwangju, Korea Selatan, pada 18 Mei hingga 27 Mei 1980."
"38","Dr. Romantic 2","2020","16","SBS, WeTV, Netflix, Viki, Apple TV","15+","Kisah ""dokter sejati"" berlatar di sebuah rumah sakit kecil sederhana bernama Rumah Sakit Doldam. Ini adalah kisah tentang orang-orang yang bertemu Kim Sa Bu, seorang dokter jenius, dan menemukan “romansa sejati.”","Romance,  Drama,  Medical,  Melodrama ","Hospital, Smart Male Lead, Doctor, Character Development, Bickering Couple, Love/Hate Relationship, Smart Female Lead, Hardworking Female Lead, Nurse, Healing","8.7","Drama ini sukses tembus dengan rating hingga 15,5 persen di episode pertama."
"39","Arthdal Chronicles P","2019","6","tvN,  Netflix","15+","Ta Gon kini telah menjadi orang paling kuat di Arthdal. Dia memiliki hubungan kasih sayang hanya dengan Taealha, putri saingan Suku Hae, karena ambisi bersama mereka.","Historical,  Romance,  Drama,  Fantasy,  Political","Twins, War, Multiple Mains, Power Struggle, Revenge, Slavery, Good Twin/Evil Twin, Strong Female Lead, Character Development, Father-Daughter Relationship","8.7","Pada Season pertama, drama ini disebutkan sebagai salah satu Drama Korea yang memakan biaya produksi cukup tinggi dengan total 18 episode."
"40","Misaeng","2014","20","tvN, Viki, WeTV","15+","Jang Geu Rae telah memainkan permainan Go sejak dia masih kecil. Ketika rencananya untuk menjadi pemain Go profesional gagal, Geu Rae yang putus asa dipaksa untuk mengambil pekerjaan kantor sebagai magang yang disiapkan untuknya oleh rekomendasi seorang kenalan untuknya ke sebuah perusahaan besar bernama One International.","Friendship,  Business,  Life,  Drama ","Office Worker, Workplace Abuse, Teamwork, Adapted From A Webtoon, Hardworking Male Lead, Workplace, Smart Female Lead, Strong Female Lead, Nice Male Lead, Hardworking Female Lead","8.7","Drama ini mengangkat isu ketidaksetaraan gender di tempat kerja yang dialamai pekerja perempuan di Korea Selatan."
"41","Law School","2021","16","jTBC,  Netflix","15+","Ketika insiden suram terjadi di sekolah bergengsi mereka, keadilan melalui hukum diuji oleh seorang profesor hukum yang tangguh dan murid-muridnya yang ambisius.","Mystery,  Law,  Crime,  Drama ","Smart Male Lead, Lawyer, Teacher, Student, School, Rich Male Lead, Law Student, Campus Life, Hardworking Female Lead, University","8.7","DIbintangi oleh Kim bum dan sederet aktor ternama."
"42","Mouse","2021","20","tvN, Viki, WeTV, Apple TV","18+","Sebuah cerita menegangkan yang menanyakan pertanyaan kunci, “Bagaimana jika kita dapat mengidentifikasi psikopat terlebih dahulu?” Pembunuhan kejam seorang pembunuh berantai yang gila telah membuat seluruh bangsa dicekam ketakutan, dan kekacauan merajalela. Petugas polisi pemula yang mencari keadilan, Jung Ba Reum, berhadapan langsung dengan si pembunuh. Sementara dia selamat dari pertemuan berbahayanya dengan psikopat, Jung Ba Reum menemukan hidupnya benar-benar berubah di depan matanya.","Suspense,  Thriller,  Mystery,  Crime,  Sci-Fi ","Psychopath, Murder, Serial Killer, Police Officer, Dark Plot, Character Development, Investigation, Detective, Neurosurgeon, Extreme Violence","8.7","Drama ini dibintangi oleh aktor ternama yaitu Lee Seung Gi"
"43","The Fiery Priest","2019","40","SBS, Apple TV, Viki","15+","Kim Hae Il adalah seorang pendeta Katolik. Dia membuat komentar dengki dan dia bisa kasar kepada orang lain. Koo Dae Young adalah seorang detektif. Dia banyak bicara dan dia juga pemalu. Park Kyung Sun adalah seorang jaksa. Dia pintar dan cantik. Dia juga ambisius sebagai jaksa dan bagus dalam pekerjaannya.","Action,  Mystery,  Comedy,  Crime,  Drama ","Badass Male Lead, Priest, Eccentric Male Lead, Sassy Female Lead, Bromance, Aggressive Male Lead, Church, Strong Friendship, PTSD, Sismance","8.7","Merupakan drama pertama SBS yang tayang tiap Jumat - Sabtu."
"44","Descendants of the S","2016","16","KBS2, WeTV, Netflix, Iflix, Apple TV, Viki","15+","Sebuah kisah cinta yang berkembang antara seorang ahli bedah dan seorang perwira pasukan khusus.","Action,  Military,  Comedy,  Romance,  Medical,  M","Soldier, Hardworking Female Lead, Doctor, Multiple Couples, Bromance, Hardworking Male Lead, Charming Male Lead, Gun Violence, Filmed Abroad, Friendship","8.7","Pendapatan drama ini melampaui drama ""My Love From the Star""."
"45","Hotel del Luna","2019","16","tvN, Apple TV, Prime Video, Viki, WeTV, Netflix","15+","Terletak jauh di jantung pusat kota Seoul yang berkembang, terdapat sebuah hotel yang aneh, yang belum pernah dilihat siapa pun sebelumnya. Tua tak terkira, bangunan telah berdiri selama ribuan tahun, bukti yang selalu hadir fakta bahwa segala sesuatu tidak selalu seperti yang terlihat. Menjalankan hotel ini adalah Jang Man Wol, serakah, jiwa mencurigakan yang telah menghabiskan seribu tahun terakhir bertindak sebagai CEO pendirian. Diikat ke hotel oleh dewa yang menahannya di sana untuk menyelamatkannya dari mengamuk dan menghancurkan diri sendiri dengan kemarahan, kebencian, dan kehausan untuk membalas dendam. Satu-satunya harapannya untuk melarikan diri adalah jika dia bisa melepaskan dendam dan kebenciannya, dan menemukan cinta. Terperangkap dalam kebenciannya karena pengkhianatan, Man Wol ditakdirkan untuk menghabiskan semua kekekalan menjalankan pendirian aneh ini, melayani kebutuh","Mystery,  Horror,  Comedy,  Romance,  Drama,  Fant","Immortal, Boss/Employee Relationship, Strong Female Lead, Ghost, Ghost-seeing Male Lead, Hotel, Rich Female Lead, Nice Male Lead, Warm Man/Cold Woman, Strong Friendship","8.7","Drama ini terinspirasi dari drama ""The Master's Sun"", yakni sama-sama bertemu dengan hantu."
"46","Dr. Romantic","2016","20","SBS, WeTV, Netflix, Viki","15+","Kim Sa Bu pernah menjadi ahli bedah terkenal di puncak karirnya di sebuah rumah sakit besar. Tapi dia tiba-tiba menyerahkan semuanya suatu hari untuk hidup dalam pengasingan dan bekerja sebagai dokter lingkungan di sebuah kota kecil. Dia sekarang menggunakan ""Guru Kim"" dan menyebut dirinya sebagai ""Dokter Romantis"". Sementara itu, Kang Dong Joo menjadi dokter untuk menjadi dirinya sendiri setelah tumbuh miskin, dan dia mencari pasien VIP untuk mencapai kesuksesan yang sangat dia inginkan. Yoon Seo Jung adalah seorang ahli bedah muda yang bersemangat yang dihantui oleh kesalahan dari masa lalunya dan mencoba untuk melupakannya. Saat Dong Joo dan Seo Jung bertemu dengan Guru Kim yang unik, hidup dan karir mereka tidak akan pernah sama lagi.","Romance,  Drama,  Medical ","Doctor, Surgeon, Smart Male Lead, Strong Female Characters, Hardworking Female Lead, Hardworking Male Lead, Character Development, Smart Female Lead, Boss/Employee Relationship, Slow Burn Romance","8.7","Drama ini berhasil membawa pulang tujuh gelar dan menjadikan Drama Korea terjaya menurut SBS Award 2016"
"47","Arthdal Chronicles P","2019","6","tvN,  Netflix","15+","Mengikuti Bagian I & II, Ta Gon mendapatkan apa yang dia inginkan saat dia duduk di atas singgasananya. Namun, sekarang hidup dan tahtanya terancam saat Eun Seom mulai mengumpulkan kekuatan di antara para budak dan petani Arth saat ia mulai melawan balik para elit. Meskipun Ta Gon sejauh ini merahasiakan warisan setengah Neanthalnya dari dunia,
matanya bersinar ungu, bersiap untuk bertarung habis-habisan melawan Eun Seom.","Historical,  Romance,  Drama,  Fantasy,  Political","Twins, Power Struggle, War, Supernatural Power, Strong Female Lead, Identical Twins, Curse, Revenge, Superhuman Strength, Pre-produced","8.7","Pada season pertama, drama ini memakan biaya produksi mencapai 40 miliar Won atau serata Rp 501 miliar."
"48","Tunnel","2017","16","OCN, K-DRAMA, Viki, WeTV, Netflix","15+","Pada tahun 1986, Park Gwang Ho bekerja sebagai detektif yang sangat baik dan antusias. Hidupnya berubah ketika dia mengejar petunjuk dalam kasus pembunuhan berantai dan kemudian melewati portal waktu, yang membawanya ke Seoul saat ini. Dia bertemu dengan pasangan baru Kim Sun Jae, seorang detektif elit yang kebetulan sedikit eksentrik, tetapi merupakan salah satu penyelidik yang sangat terampil. Duo detektif juga akan mencari bantuan profesor psikologi, Shin Jae Yi.","Thriller,  Mystery,  Crime,  Fantasy ","Time Travel, Serial Killer, Murder, Bromance, Strong Female Lead, Police Officer, Calm Female Lead, Criminal Profiler, Police, Hidden Relationship","8.7","Drama ini mengambil latar belakang pada tahun 1986."
"49","Live","2018","18","tvN,  Netflix","15+","Drama ini berkisah tentang insiden yang terjadi di kepolisian dan kegembiraan, kesedihan, dan rasa sakit yang dialami petugas polisi saat mereka mencoba melindungi keadilan.","Friendship,  Comedy,  Romance,  Crime ","Police Officer, Teamwork, Police, Violence, Strong Friendship, Slice Of Life, Policewoman, Strong Female Lead, Smart Female Lead, Male Chases Female First","8.7","Drama ini merupakan salah satu Drama Korea berperingkat tertinggi dalam sejarah televisi kabel."
"50","Strong Woman Do Bong","2017","16","jTBC, Disney+ Hotstar, WeTV, Netflix, Apple TV, Pr","15+","Do Bong Soon adalah wanita penganggur mungil yang jujur ​​dan baik hati. Dia tampak kecil dan manis di luar, tetapi dia sebenarnya sangat, sangat kuat. Di keluarganya, selama beberapa generasi para wanita telah dikaruniai kekuatan Hercules untuk digunakan demi kebaikan yang lebih besar. Namun, jika disalahgunakan, kekuasaan mereka akan diambil. Sementara membela dirinya sendiri setelah anggota geng menggertaknya, dia mendapati dirinya didekati oleh Ahn Min Hyuk, CEO Ainsoft yang tampan dan agak kekanak-kanakan, sebuah perusahaan game. Ahn Min Hyuk, yang memiliki ketidakpercayaan besar terhadap polisi, menyaksikan seluruh pertukaran kekuatan manusia super Bong Soon, dan sekarang ingin mempekerjakannya sebagai pengawal setelah diancam oleh musuh yang tidak dikenal. Min Hyuk jatuh cinta pada Bong Soon yang sangat kuat pada pandangan pertama, tapi ada masalah. Bong Soon memiliki mata untuk o","Action,  Thriller,  Comedy,  Romance,  Drama,  Sup","Strong Female Lead, Female Lead Action Scenes, Love Triangle, Superhuman Strength, Strong Female Characters, Game Developer, Gangster, Nice Male Lead, Bodyguard, Workplace","8.7","Drama romantis-komedi ini berhasil berada di perignkat kedua tertinggi drama JTBC sepanjang sejarah."
"51","Hot Stove League","2019","16","SBS, Viki, Netflix","15+","Tentang masa persiapan tim bisbol liga utama. Drama ini berfokus pada tim pecundang yang mempersiapkan musim yang luar biasa setelah kedatangan manajer umum baru mereka, dan setiap episode akan fokus pada masalah yang mereka miliki saat mereka bersiap untuk menjadi tim yang lebih kuat.","Drama,  Sports,  Melodrama ","Hardworking Female Lead, Baseball, Hardworking Male Lead, Workplace, Teamwork, Mature Protagonist, General Manager, Corruption, Successful Male Lead, Tough Male Lead","8.7","Lewat drama ini, Nam Goong Min berhasil mendapatkan penghargaan Daesang di SBS Drama Awards 2020."
"52","Moon Lovers","2016","20","SBS, Prime Video, Netflix","15+","Ketika gerhana matahari total terjadi, Go Ha Jin dibawa kembali ke masa awal Dinasti Goryeo Korea selama pemerintahan Raja Taejo. Dia terbangun dalam tubuh Hae Soo yang berusia 16 tahun dan mendapati dirinya tinggal di rumah Pangeran Wang Wook ke-8, yang menikah dengan sepupu Hae Soo. Dia segera berteman dengan beberapa pangeran dan bertemu dengan Pangeran ke-4 yang dikucilkan, Wang So. Meskipun mengetahui dia tidak boleh terlibat dalam intrik istana atas suksesi takhta, dia secara tidak sengaja menjadi pion dalam perjuangan, karena beberapa Pangeran jatuh cinta padanya.","Action,  Historical,  Romance,  Fantasy ","Goryeo Dynasty, Prince Lead, Power Struggle, Sibling Rivalry, Tearjerker, King/Emperor, Time Travel, Death, Gwangjong, Reverse-Harem","8.7","Drama ini diadaptasi dari novel “Bu Bu Jing Xin” (步步惊心) oleh Tong Hua (桐华)."
"53","Strangers from Hell","2019","10","OCN, Prime Video, Netflix","15+","Yoon Jong Woo adalah seorang pria muda berusia 20-an yang pindah dari pedesaan ke Seoul setelah teman kuliahnya, Jae Ho, menawarinya pekerjaan. Saat mencari tempat tinggal, ia menemukan Eden Gosiwon, sebuah hostel murah yang berbagi dapur dan kamar mandi dengan penghuni lain. Dia tidak senang dengan kualitas tempat atau penghuni abnormal lainnya, seperti tetangga sebelahnya Seo Moon Jo, seorang dokter gigi karismatik. Namun demikian, Jong Woo memutuskan untuk bertahan selama 6 bulan sampai dia memiliki cukup uang untuk pindah. Namun, peristiwa misterius mulai terjadi di apartemen, menyebabkan Jong Woo mulai takut pada penghuni apartemen.","Thriller,  Horror,  Psychological,  Drama ","Adapted From A Webtoon, Murder, Hostel, PTSD, Dark Plot, Gaslighting, Mental Illness, Mental Torment, Trauma, Psychopath","8.6","Drama ini disutradarai oleh Lee Chang Hee yang telah sukses menggarap film psikologi thriller yang menegangkan yaitu The Vanished (2018)."
"54","It's Okay, That's Lo","2014","16","SBS, Disney+ Hotstar, WeTV, Netflix, Viki","15+","Meskipun sedikit berduri, Jang Jae Yeol telah menjadi terkenal karena menulis novel misteri dan menjadi pembawa acara radio populer. Saat duduk di panel talk show dengan psikiater Ji Hae Soo, menjadi jelas bagi semua orang bahwa keduanya hanya saling menggosok dengan cara yang salah.","Friendship,  Psychological,  Comedy,  Romance,  Dr","Strong Female Lead, Psychiatry, Mental Health, Trauma, Charming Male Lead, Healing, Adult Romance, Melodrama, Cohabitation, Housemates","8.6","Drama ini mendapatkan penghargaan spesial dari Asosiasi Schizophrenia Korea Selatan."
"55","Eulachacha Waikiki","2018","20","jTBC, WeTV, Netflix, Viki","15+","Tiga pemuda yang sangat berbeda – Dong Goo, penjelmaan nasib buruk yang bercita-cita menjadi sutradara film, Joon Ki, aktor eksentrik yang tampil untuk mencari nafkah, dan Doo Shik, seorang penulis lepas yang sering tidak melakukan apa-apa membuka wisma bernama “Waikiki” di Itaewon tempat banyak orang asing datang untuk menginap. Meskipun mereka tidak tahu bagaimana menjalankannya, mereka ingin sekali mendapatkan uang untuk membayar produksi film mereka yang akan datang.","Friendship,  Comedy,  Life,  Youth,  Drama ","Housemates, Bromance, Friends To Lovers, Single Parent, Motherhood, Cohabitation, Babysitting, Single Mother, Childhood Friends, Secondary Couple","8.6","Drama ini mendapatkan rating yang tinggi dari penonton dan banyak sekali komentar positif tentang drama Waikiki ini."
"56","The Bridal Mask","2012","28","KBS2, Viki, Netflix","15+","Lee Kang To adalah seorang perwira Korea yang ambisius dan tidak berperasaan yang dipekerjakan oleh penjajah Jepang. Meskipun ibunya tidak setuju dengan pekerjaannya dan sejarah antagonis saudaranya sendiri dengan Jepang, Kang To terus bermain dengan aturan penjajah dengan harapan menjadi sukses dan membawa keluarganya keluar dari kemiskinan. Namun, sosok misterius yang mengenakan Topeng Pengantin tradisional sepertinya selalu menghalangi jalan Kang To. Topeng Pengantin muncul sebagai sosok seperti Zorro yang melindungi rakyat dari penindasan dan penyalahgunaan kekuasaan penjajah Jepang. Peristiwa pergantian tak terduga membawa Kang To untuk berpapasan dengan Topeng Pengantin yang misterius, mengubah masa depannya dan sejarah bangsa selamanya.","Action,  Historical,  Romance,  Political ","Japanese Colonial Rule, Hidden Identity, Revenge, Rebellion, Murder, Love Triangle, Adapted From A Manhwa, Investigation, Drama, Sword-fight","8.6","Drama pertama yang disutradarai oleh Cha Young Hoon dan mendapatkan rating yang tinggi."
"57","Children of Nobody","2018","32","MBC, Viki","15+","Cha Woo Kyung adalah seorang konselor anak yang bekerja di pusat anak-anak. Hidupnya tampak sempurna karena dia menikah dengan suami yang hebat dan sedang hamil. Namun, hidupnya yang sempurna tidak bertahan lama, ketika sebuah kecelakaan mengubah hidupnya. Dia kemudian bertemu Kang Ji Hun, seorang detektif yang ketat terhadap penjahat dan percaya bahwa mereka harus dihukum sepenuhnya.","Thriller,  Mystery,  Psychological,  Crime,  Drama","Trauma, Child Abuse, Smart Female Lead, Child Behavior Issues, Abuse, Murder, Tragic Past, Psychiatry, Child Abandonment, Domestic Violence","8.6","Drama ini diproduksi oleh Mega Monster untk MBC dan dibintangi oleh Kim Sun-a, Lee Yi-Kyung, Nam Gyu-ri, dan Cha Hak-yeon."
"58","My Father is Strange","2017","52","KBS2, Viki, Netflix, Apple TV","15+","Drama ini adalah tentang sebuah keluarga yang tinggal di pinggiran kota Seoul. Byun Han Soo adalah ayah dan istrinya, Na Yeong Shil adalah ibu yang berdedikasi dan bertanggung jawab untuk ketiga putrinya dan satu putra termasuk Hye Yeong, Mi Yeong, Ra Yeong, dan Joon Young. Tiba-tiba suatu hari, Ahn Joong Hee muncul di rumah dan menyatakan bahwa dia adalah putra keluarga. Joong Hee adalah seorang aktor yang pernah menjadi anggota grup idola. Dia mulai tinggal bersama mereka.","Comedy,  Romance,  Drama,  Family ","Huge Family, Family Secret, Sisterhood, Eccentric Female Lead, Fake Incest, Multiple Couples, Strong Female Lead, Lawyer, Father-Daughter Relationship, Mother-Daughter Relationship","8.6","Drama ini memecahkan rekor dengan mencetak angka 30 persen rating penonton."
"59","Good Manager","2017","20","KBS2, Viki, Netflix","15+","Bisakah politik perusahaan mengubah orang jahat menjadi orang baik? Kim Sung Ryong adalah seorang akuntan terampil yang bekerja untuk gangster. Dia masuk ke sebuah perusahaan bernama TQ Group sebagai manajer menengah di departemen akuntansi dengan tujuan menggelapkan uang dari perusahaan. Saat ia bersaing dengan akuntan hot-shot Yoon Ha Kyung, ahli keuangan Seo Yul dan pekerja magang yang bersemangat Hong Ga Eun, Sung Ryong menemukan dirinya terlibat dalam politik kantor dan memperhatikan kejahatan lain oleh mereka yang berkuasa yang mengancam untuk menjatuhkan perusahaan. Sung Ryong perlahan menyadari bahwa dia lebih suka melawan korupsi perusahaan dan memperjuangkan hak-hak karyawan daripada menyelesaikan misi yang awalnya dia lakukan. Bisakah dia berhasil dalam tujuan barunya melawan segala rintangan?","Business,  Comedy,  Drama ","Character Development, Eccentric Male Lead, Corruption, Smart Female Lead, Accountant, Bromance, Smart Male Lead, Eccentric Character, Con Artist, Strong Female Lead","8.6","Pemeran drama ini yakni Namgoong Min dan Junho 2PM pernah meraih Best Couple berkat chemistry mereka."
"60","Go Back Couple","2017","12","KBS2, Viki, Netflix","15+","Pasangan menikah berusia 38 tahun, Choi Ban Do dan Ma Jin Joo, jatuh cinta ketika mereka menikah tetapi sekarang, saling membenci dan menyesal menikah di usia yang begitu muda. Choi Ban Do dibebani sebagai pencari nafkah, dan Ma Jin Joo adalah ibu rumah tangga dengan harga diri rendah. Pasangan itu melakukan perjalanan melalui waktu dan menemukan diri mereka sebagai 20 tahun mahasiswa lama ketika mereka bertemu untuk pertama kalinya.","Comedy,  Romance,  Life,  School,  Drama,  Family,","Time Travel, Love/Hate Relationship, Marriage, Mother-Daughter Relationship, Misunderstanding, 1990s, Failing Marriage, Married Couple, Sassy Female Lead, Sismance","8.6","Pemeran wanita drama ini yakni Han Bo Reum mendapatkan penghargaan di usia 31 tahun."
"61","Stranger 2","2020","16","tvN,  Netflix","15+","Kantor kejaksaan dan polisi berada di pihak yang berlawanan. Para jaksa, termasuk jaksa elit Woo Tae Ha, menginginkan kekuasaan diskresi atas penyelidikan. Sementara itu, polisi, termasuk Choi Bit, berusaha mendapatkan otoritas investigasi lengkap yang independen dari kantor kejaksaan.","Thriller,  Law,  Crime,  Drama ","Corruption, Calm Male Lead, Prosecutor, Smart Male Lead, Emotional Blunting, Law, Strong Female Lead, Suspense, Police Officer, Power Struggle","8.6","Drama ini dibintangi oleh oleh Cho Seung Woo dan Bae Doo Na."
"62","My Love from the Sta","2013","21","SBS, Viki, Netflix","15+","Do Min Joon adalah alien yang mendarat di Bumi 400 tahun yang lalu selama periode Dinasti Joseon. Dia memiliki penampilan yang hampir sempurna dan kemampuan fisik yang ditingkatkan yang melibatkan penglihatan, pendengaran, dan kecepatannya. Kemudian, ia menemukan bahwa ia memiliki tiga bulan tersisa di Bumi. Dan saat itulah dia bertemu Cheon Song Yi, bintang Hallyu terbesar di Korea.","Comedy,  Romance,  Drama,  Fantasy,  Melodrama ","Alien, Interspecies Romance, Famous Actress, Celebrity, Professor, Sassy Female Lead, Superhuman Strength, Time Manipulation, Cyberbullying, Star Crossed Lovers","8.6","Pemeran karakter utama drama ini yakni Cheon Song-yi, Jun Ji-hyun, berhasil mendapatkan penghargaan Daesang."
"63","Age of Youth","2016","12","jTBC, Apple TV, Prime Video, Netflix","15+","Lima gadis berusia dua puluhan datang untuk tinggal bersama di sebuah rumah bernama ""Belle Epoque,"" yang berarti ""waktu yang indah"" dalam bahasa Prancis. Setiap gadis memiliki kepribadian, latar belakang, dan masalah tertentu. Selain kelima gadis itu, mereka percaya ada kehadiran keenam - hantu yang tinggal di rumah, tetapi masing-masing melihat hantu itu secara berbeda. Saat para gadis merasakan ikatan simpati dan menjadi lebih dekat, mereka juga menangani masalah pribadi mereka saat mereka menjalani usia dua puluhan yang penting. Drama ini mengikuti perjuangan dan insiden mereka yang berhubungan dengan hubungan - dalam lingkaran mereka, dengan kencan, dan satu sama lain - dan berbagai peristiwa yang mereka alami termasuk kredit, part-
pekerjaan waktu, minum, harapan dan impian.","Friendship,  Mystery,  Comedy,  Romance,  Life,  Y","Housemates, Female Centered Plot, Sismance, Multiple Mains, College Life, Strong Female Lead, Coming Of Age, Strong Female Characters, Multiple Couples, Hardworking Female Lead","8.6","Drama ini disutradarai oleh Lee Tae Gon, Kim Sang Ho serta penulis nahkah yaitu Park Yeon Seon."
"64","Mystic Pop-Up Bar","2020","12","jTBC,  Netflix","15+","“Mystic Pop-Up Bar” didasarkan pada webtoon populer dengan nama yang sama dan menceritakan kisah pojangmacha misterius (tempat minum di luar ruangan) yang dijalankan oleh seorang wanita berduri dan pekerja paruh waktu yang tidak bersalah yang mengunjungi pelanggan dalam mimpi mereka untuk membantu menyelesaikan masalah. Masalah mereka.","Mystery,  Comedy,  Drama,  Family,  Fantasy ","Afterlife, Tragic Past, Grudge, Hot-tempered Female Lead, Spirit, Adapted From A Webtoon, Special Power, Family Relationship, Flashback To Past, Food","8.6","Merupakan drama kedua yang dibintangi oleh Choi Won Young pada tahun 2020."
"65","Jewel in the Palace","2003","54","MBC, Viki","15+","Sekitar 500 tahun yang lalu selama masa Dinasti Chosun, Korea memiliki struktur sosial yang hierarkis dan didominasi laki-laki. Berdasarkan kisah nyata tentang seorang gadis legendaris, Jang Geum, yang menjadi wanita pertama yang menjadi tabib kerajaan tertinggi pada zamannya. Meskipun kondisinya buruk sebagai gadis kelas bawah di masyarakat yang didominasi laki-laki, Jang Geum mengatasi serangkaian diskriminasi sosial dan menjadikan dirinya sebagai juru masak kerajaan, kemudian menjadi tabib kerajaan, kemudian akhirnya menjadi tabib yang bertanggung jawab atas raja. Dia bahkan diberikan oleh raja gelar ""The Great Jang Geum."" Kisah kehidupan kotak-kotaknya tentang kesuksesan dan kehancurannya serta kisah cintanya terungkap dengan indah.","Food,  Historical,  Romance,  Drama,  Medical,  Me","Physician, Cooking, Strong Female Lead, Royal Rules And Etiquette, Joseon Dynasty, Royal Cook, Faithful Male Lead, Smart Female Lead","8.6","Drama ini dibintangi oleh Lee Youn Ae, Ji Jin Hee, dan pemeran pendukung lainnya sukses mendapatkan penghargaan di berbagai ajang bergengsi di Korea."
"66","Just Between Lovers","2017","16","jTBC, Disney+ Hotstar, WeTV, Netflix, Viki","15+","Sebuah kecelakaan besar merenggut nyawa 48 orang. Kehidupan para penyintas, mereka yang kehilangan orang yang dicintai dan mereka yang terkait dengan pihak-pihak yang dipersalahkan atas peristiwa tragis itu juga ditandai selamanya.","Psychological,  Romance,  Melodrama ","Trauma, Healing, Survivor Guilt, Hardworking Female Lead, Strong Female Lead, Tearjerker, Low Self-esteem Protagonist, Hardworking Male Lead, Phobia, Disaster","8.6","Drama ini dibintangi oleh Lee Joon-Ho dan Yoo Se-Ah."
"67","Empress Ki","2013","51","MBC, Viki, Netflix, Apple TV, Prime Video","15+","Genghis Khan membangun sebuah kerajaan yang membentang luas di Asia Timur dan Eropa Timur. Dan ada seorang wanita yang memegang kekuasaan besar di Dinasti Yuan, yang didirikan Genghis Khan, selama 37 tahun. Dia bukan keturunan Mongol atau keturunan Han Cina. Dia berasal dari Goryeo, sebuah kerajaan kecil di Timur Jauh.Dia dibawa ke Mongol di luar kehendaknya sebagai Gungnyeo (istana wanita) tapi entah bagaimana mengatasi statusnya yang rendah untuk menjadi permaisuri di negeri lain. Namanya Permaisuri Ki.","Historical,  Comedy,  Romance,  Drama,  Melodrama,","Smart Female Lead, Goryeo Dynasty, Power Struggle, Strong Female Lead, Possessive Male Lead, Love Triangle, Empress, Female Warrior, Yuan Dynasty, Revenge","8.6","Drama ini mendapatkan rating tertinggi dengan memperoleh audience share sebesar 32% di Korea Selatan pada Maret 2014."
"68","Partners for Justice","2019","32","Viki, Netflix","15+","Dalam kejahatan dan kehidupan, semua kontak meninggalkan jejak. Tidak ada kejahatan yang sempurna dan pahlawan dan pahlawan wanita kita memiliki kerja sama terbaik. Drama ini melanjutkan kisah seorang ilmuwan forensik dan jaksa yang membuat tim terbaik.","Mystery,  Law,  Drama,  Medical,  Investigation ","Forensic Science, Prosecutor, Doctor, Uncover A Truth, Rich Female Lead, Multiple Mains, Death, Murder","8.6","Drama ini diperankan oleh Jung Jae Young yang telah mendapatkan banyak penghargaan seperti Busan Film Critics Awards, Director's Cut Awards dan masih banyak yang lainnya."
"69","Cruel City","2013","20","jTBC, Viki","15+","Heartless City menggambarkan kehidupan kejam kartel narkoba dan kisah balas dendam untuk orang yang dicintai.","Action,  Thriller,  Romance,  Crime ","Badass Male Lead, Gang, Bromance, Strong Female Lead, Gangster, Strong Male Lead, Smart Male Lead, Sismance, Steamy Kiss, Drug Dealer","8.6","Drama ini tidak disarankan untuk anak dibawah umur karena mengandung kekerasan dan beberapa adegan berdarah."
"70","365","2020","24","MBC, Viki","15+","Sebuah kisah di mana sepuluh orang mendapatkan kesempatan untuk kembali ke masa dalam satu tahun, tetapi situasi misterius yang tak terduga mulai muncul ketika nasib mereka diubah dan dipelintir dalam prosesnya.","Thriller,  Mystery,  Drama,  Fantasy ","Strong Female Lead, Time Travel, Nice Male Lead, Suspense, Murder, Detective, Fate, Supernatural, Destiny, Accident","8.6","Menjadi KDrama MBC pertama yang tayang pada slot Senin - Selasa di tahun 2020."
"71","Avengers Social Club","2017","12","tvN","15+","Menampilkan tiga wanita dari berbagai lapisan masyarakat yang datang bersama untuk membalas dendam: pemilik toko ikan setengah baya yang membayangkan kehidupan yang lebih baik untuk dirinya sendiri, seorang ibu rumah tangga, dan pewaris yang dibesarkan seperti bunga rumah kaca yang lembut. Mereka adalah trio yang tidak mungkin yang tidak akan pernah bertemu, tetapi mereka bergabung untuk melakukan balas dendam masing-masing. Meskipun mereka memulai sebagai rekan konspirator, di sepanjang jalan mereka akan membangun persahabatan yang kuat.","Friendship,  Comedy,  Life,  Drama,  Family ","Revenge, Sismance, Female Centered Plot, Strong Female Lead, Strong Female Characters, Healing, Smart Male Lead, Mother-Son Relationship, Mother-Daughter Relationship, Tragic Past","8.6","Drama ini dibintangi oleh Lee Yo Won, Ra Mi Ran, dan Myung Se Bin"
"72","The Master's Sun","2013","17","SBS","15+","Joo Joong Won adalah CEO Kingdom yang pelit dan rakus, konglomerat yang mencakup department store dan hotel besar. Dia bertemu dengan Tae Gong Shil yang murung, yang mulai melihat hantu setelah kecelakaan. Hidup mereka mengambil giliran baru saat mereka bekerja sama untuk menghadapi teror dan kesedihan yang dibawa oleh roh, saat menyelidiki insiden penculikan di masa lalu Joong Won. Dan tanpa sadar, mereka saling jatuh cinta.","Horror,  Psychological,  Comedy,  Romance,  Drama,","Ghost, Eccentric Female Lead, Arrogant Male Lead, Rich Male Lead, Clingy Female Lead, Successful Male Lead, Obsession, Tragic Past, Trauma, Rich Man/Poor Woman","8.6","Joo Joong Won adalah CEO Kingdom yang pelit dan serakah, konglomerat yang mencakup department store dan hotel besar. Dia bertemu dengan Tae Gong Shil yang muram, yang mulai melihat hantu setelah kecelakaan. Hidup mereka mengambil giliran baru saat mereka bekerja sama untuk menghadapi teror dan kesedihan yang dibawa oleh roh, sambil menyelidiki insiden penculikan di masa lalu Joong Won. Dan tanpa disadari, mereka saling jatuh cinta."
"73","Bad Guys","2014","11","OCN","18+","Untuk memerangi kejahatan kekerasan yang meningkat, Kepala Polisi meminta Detektif Oh Goo Tak untuk membentuk tim yang terdiri dari penjahat.","Action,  Thriller,  Psychological,  Crime,  Invest","Psychopath, Murder, Teamwork, Serial Killer, Strong Male Lead, Gangster, Plot Twist, Smart Male Lead, Skilled Killer, Violence","8.6","Untuk memerangi kejahatan kekerasan yang meningkat, Kepala Polisi meminta Detektif Oh Goo Tak untuk membentuk tim yang terdiri dari penjahat. Detektif Oh Goo Tak saat ini diskors dari kepolisian karena menggunakan kekuatan yang berlebihan. Detektif Oh Goo Tak mengumpulkan anggota tim: Park Woong Cheol yang merupakan seorang gangster, Lee Jung Moon yang merupakan pembunuh berantai termuda dengan kecerdasan luar biasa dan Jung Tae Soo yang merupakan pembunuh bayaran. Juga, Inspektur Polisi Yoo Mi "
"74","Designated Survivor","2019","16","tvN,  Netflix","15+","Park Moo Jin adalah mantan profesor kimia dan sekarang menjabat sebagai Menteri Lingkungan Hidup. Dia tidak memiliki ambisi, keyakinan pribadi atau rasa politik. Suatu hari, kabinet berkumpul di Majelis Nasional untuk pidato presiden. Sebuah serangan teror terjadi, menewaskan banyak pejabat pemerintah, termasuk presiden dan menteri. Park Moo Jin adalah pejabat pemerintah peringkat tertinggi yang masih hidup. Dia tidak menginginkan posisi itu, tetapi dia harus duduk sebagai penjabat presiden selama 60 hari. Park Moo Jin mengejar orang atau kelompok yang bertanggung jawab atas serangan itu saat ia tumbuh sebagai pemimpin nasional.","Suspense,  Drama,  Political ","Power Struggle, Conspiracy, Blue House, Lying, Social Commentary, Terrorism, Deception, National Intelligence Service, National Assembly, Death","8.6","Drama ini merupakan drama remake dari series Amerika yang pernah booming di Netflix pada 2019 lalu berjudul DESIGNATED SURVIVOR. Walaupun sama-sama memiliki jalan cerita yang sama, yaitu dengan Gedung Majelis Nasional yang dibom oleh teroris, namun dikemas dengan cara berbeda mengikuti budaya dan politik di Korea Selatan."
"75","I Hear Your Voice","2013","18","SBS","15+","Jang Hye Sung, seorang pembela umum yang berani, lancang, berwajah tebal, lucu, dan materialistis yang menjadi pengacara setelah mengatasi kemiskinan dan kenangan menyakitkan dari masa kecilnya, menyadari tentang masyarakat dan keadilan setelah bertemu Park Soo Ha, 19- anak laki-laki berusia tahun yang membaca pikiran orang lain dan Cha Kwan Woo,seorang pengacara yang tidak bersalah yang menjalani kehidupan yang disiplin. Jang Hye Sung sebenarnya adalah cinta pertama Soo Ha setelah dia memberikan kesaksian yang meyakinkan tentang kasus pembunuhan ayahnya 10 tahun yang lalu dan Soo Ha berjanji untuk melindunginya dari ancaman si pembunuh. Sementara itu, Cha Kwan Woo adalah rekan pengacara Jang Hye Sung, mantan polisi yang ceria dan idealis meskipun karakternya agak lambat, dia baik dan menyenangkan dengan gagasan yang kuat tentang prinsip dan keadilannya. Bersama-sama mereka akan bekerja ","Thriller,  Mystery,  Law,  Romance,  Drama,  Super","Lawyer, Special Power, Revenge, Smart Female Lead, Trauma, Strong Female Lead, Older Woman/Younger Man, Male Chases Female First, Age Gap, Mind Reading","8.6","Serial drama Korea I Can Hear Your Voice ini disutradarai Jo Soon Won yang juga pernah menggarap serial Pinocchio, Thirty But Seventeen, Doctor John, Awaken dan banyak lagi."
"76","Save Me","2017","16","OCN","15+","Menyusul kegagalan bisnis ayahnya, Sang Mi dan keluarganya pindah ke Muji-gun dimana mereka tidak memiliki teman atau kerabat. Di sana dia bertemu dengan empat pria muda, Han Sang Hwan, Seok Dong Cheol, Woo Jung Hoon, dan Choi Man Hee. Saat Sang Mi dan keluarganya menghadapi masalah, Pastor Baek Jung Ki dari Goosunwon menawarkan untuk membantu mereka. Namun, keluarganya perlahan-lahan tersedot ke dalam kultus agama semu dan keempat pemuda itu berusaha menyelamatkannya.","Action,  Suspense,  Friendship,  Thriller,  Myster","Cult, Dark Plot, Manipulative Character, Adapted From A Webtoon, Church, Strong Female Lead, Bromance, Smart Female Lead, Deception, Strong Male Lead","8.6","Drama ini diangkat dari sebuah manhwa/webtoon berjudul Out of the World karya Jo Geum-san yang dipublikasikan via comic.daum.com."
"77","Reply 1997","2012","16","tvN","15+","Berlatar tahun 1990-an, drama ini berpusat di sekitar seorang siswa SMA perempuan Shi Won, yang mengidolakan boyband H.O.T dan 5 teman SMA-nya di Busan. Saat garis waktu bergerak bolak-balik antara masa lalu mereka sebagai siswa sekolah menengah berusia 18 tahun pada tahun 1997 dan masa kini mereka sebagai anak berusia 33 tahun pada makan malam reuni sekolah menengah mereka pada tahun 2012, di mana satu pasangan akan mengumumkan bahwa mereka akan menikah.","Friendship,  Comedy,  Romance,  Life,  School,  Yo","Childhood Friends, High School, Strong Friendship, 1990s, First Love, Friends To Lovers, Love Square, Unrequited Love, Best Friends, Love Triangle","8.6","Jauh sebelum mendapatkan popularitas sebagai salah satu serial dengan rating tinggi, cerita Reply 1988 lebih dulu dimulai dari drakor Reply 1997."
"78","Rebel","2017","30","MBC","15+","“Pelaku yang menyamar sebagai pejabat kerajaan tidak mencuri kekayaan. Dia mencuri hati dan pikiran orang-orang Anda, Yang Mulia.” Ada tokoh pemecah belah di Dinasti Joseon yang merupakan pahlawan bagi rakyat tetapi musuh bagi kemapanan. Namanya Hong Gil Dong. Raja Yeonsangun memiliki garis keturunan kerajaan tetapi dicaci maki oleh rakyatnya sementara Hong Gil Dong lahir sebagai budak tetapi berhasil memenangkan hati rakyat jelata. Perjuangan antara dua orang ini menunjukkan kualitas yang dibutuhkan seorang pemimpin sejati. Serial TV ini menggambarkan kehidupan Hong Gil Dong yang selamat dari kerajaan yang kejam dan bermusuhan saat ia berperang melawan elit yang kuat.","Action,  Thriller,  Historical,  Romance ","Rebellion, Joseon Dynasty, Strong Male Lead, Smart Male Lead, Corruption, Happy Ending, Slave, Discrimination, Bromance, Superhuman Strength","8.6","Di sutradari oleh Kim Ji Man yang merupakan sutradara senior di Korea Selatan yang telah memproduksi banyak drama hits lainnya, salah satunya adalah East Love Eden."
"79","Nobody Knows","2020","16","SBS","15+","Detektif Young Jin, dari unit investigasi regional, hanya memiliki satu hal di pikirannya: untuk menangkap pembunuh berantai 'Stigmata' yang membunuh temannya 19 tahun yang lalu. Dia membawa rasa bersalah dan trauma atas peristiwa tersebut. Dia tidak punya teman dan hidup sendiri. Putra tetangganya di lantai bawah, Eun Ho, telah membangun hubungan dengannya sejak dia pindah di atas apartemen mereka. Dia melakukan pekerjaan rumah kasar untuknya. Suatu hari Eun Ho, sepertinya jatuh dari atap gedung apartemen mereka dan mengalami koma. Young Jin merasakan permainan kotor dan memutuskan untuk menyelesaikannya sendiri. Dengan bantuan wali kelas Eun Ho, Sun Woo, keduanya mulai mengungkap bahwa luka Eun Ho bukanlah kecelakaan.","Suspense,  Mystery,  Crime,  Drama,  Melodrama ","Strong Female Lead, Smart Female Lead, Police, Unusual Friendship, Murder, Death, Strong Friendship, Guilt, Calm Female Lead, Teacher","8.6","Nobody Knows dari SBS telah mencapai peringkat pemirsa sebanyak dua digit! Menurut Nielsen Korea, siaran drama pada 14 April mencatat rata-rata nasional sebesar 8,6 dan 10,5 persen. Setelah mempertahankan deretan peringkat di kisaran 9 persen, drama Korea thriller tersebut telah mencapai peringkat terbaik baru di atas 10 persen."
"80","Missing","2020","12","OCN","15+","Sebuah desa menyimpan arwah orang-orang yang telah meninggal dan hilang. Pencarian untuk menemukan mayat yang hilang dan menemukan kebenaran di balik hilangnya mereka terjadi.","Suspense,  Thriller,  Mystery,  Crime,  Fantasy ","Con Artist, Ghost-seeing Male Lead, Spirit, Missing Person, Detective, Hacker, Bromance, Social Justice, Righteous Male Lead, Death","8.5","Meskipun para produser memperingatkan bahwa mereka hanya dalam tahap perencanaan untuk musim kedua yang potensial, kepala produser (CP) dari “Missing: The Other Side” sebelumnya mengungkapkan tahun lalu bahwa mereka sudah dalam pembicaraan untuk kembali untuk musim selanjutnya ketika Season 1 selesai pada Oktober 2020."
"81","Kairos","2020","16","MBC","15+","Menjalani kehidupan yang genting sebagai pekerja paruh waktu di toko serba ada, Ae Ri berusaha untuk mendukung ibunya yang ada dalam daftar tunggu untuk transplantasi jantung. Sayangnya, kondisi fisik ibunya yang memburuk membuatnya melupakan kesempatan yang telah lama ditunggu-tunggu untuk transplantasi, dan begitu saja ibunya menghilang. Keadaan sudah cukup kacau bagi Ae Ri ketika dia menerima panggilan telepon dari seorang pria aneh yang mengaku dari dunia yang sama tetapi 31 hari di masa depan. Ironisnya, dia dengan putus asa meminta bantuan Ae Ri. Seo Jin, seorang ayah dan suami dari keluarga dekat, telah menjalani kehidupan yang sukses sebagai orang termuda yang menjadi direktur di sebuah perusahaan konstruksi. Suatu hari, semuanya runtuh dengan penculikan putrinya dan bunuh diri istrinya. Di ambang kehancuran, dia diberi kesempatan untuk mengembalikan semua yang hilang dengan satu","Thriller,  Drama,  Sci-Fi,  Fantasy ","Time Altering, Past And Present, Hardworking Male Lead, Smart Male Lead, Family Secret, Rich Male Lead, Betrayal, Gaslighting, Different Timelines, Successful Male Lead","8.5","Drama ini dibintangi Shin Sung Rok yang pernah mengambil peran dalam drama My Love From the Star dan An Empress’s Dignity, serta Lee Se Young yang juga sudah banyak membintangi drama, seperti The Crowned Clown, Doctor John dan lain-lain. Sementara itu, Nam Gyu Ri dikenal sejak dirinya membintangi 49 Days, kemudian drama terakhirnya adalah Different Dreams. Ahn Bo Hyun yang menjadi antagonis dalam drama Itaewon Class dan juga menjadi peran utama dalam Her Private Live juga turut hadir dalam drama"
"82","Once Again","2020","100","KBS2","15+","""Once Again"" adalah kisah keluarga Song yang penuh peristiwa yang tidak bisa mendapatkan hari yang damai dan tetangga mereka di Pasar Yongju.","Business,  Comedy,  Romance,  Life,  Drama,  Famil","Divorce, Family Relationship, Multiple Couples, Doctor, Multiple Mains, Huge Family, Marriage, Slice Of Life, Married Couple, Divorced Couple","8.5","Menurut Nielsen Korea, episode terakhir Once Again”mencetak peringkat nasional rata-rata 33,6 persen dan 34,8 persen untuk dua bagiannya, menandai peningkatan jumlah pemirsa dari siaran terakhir malam sebelumnya."
"83","The World of the Mar","2020","16","jTBC","18+","Segalanya tampak sempurna dalam kehidupan dokter keluarga dan direktur asosiasi yang sukses, Ji Sun Woo. Dia hidup bahagia di Gosan bersama suaminya yang tampan, Lee Tae Oh, dan putra remaja mereka, Joon Young. Namun, gambaran sempurna dari kehidupan keluarga yang bahagia dan penuh kasih hancur ketika dia menemukan bahwa suaminya, yang dia bantu secara finansial mendirikan perusahaan hiburan, berselingkuh, dan bahkan teman bersama mereka membantunya menyembunyikannya. Hancur oleh pengkhianatan, dia menetapkan jalan untuk membalas dendam dan mengingat kembali dirinya yang hancur.","Romance,  Drama,  Family,  Melodrama ","Infidelity, Extramarital Affair, Betrayal, Makjang, Revenge, Dark Plot, Strong Female Lead, Mistress, Lying, Remake","8.5","Menurut Nielsen Korea, The World of the Married episode 16 berhasil mencetak peringkat nasional rata-rata 28,37 persen yang dengan mudah mengalahkan rekornya sendiri 24,44 persen untuk The World of The Married episode 15."
"84","Extracurricular","2020","10","Netflix","18+","""Ekstrakurikuler"" berpusat di sekitar empat siswa sekolah menengah yang mulai melakukan kejahatan untuk mendapatkan uang dan bahaya tak terduga yang mereka hadapi sebagai akibatnya.","Psychological,  Crime,  Life,  School,  Youth,  Dr","Prostitution, Morally Ambiguous Lead, Illegal Business, Dark Plot, High School, Student, Teenager, Greed, Security Service Provider, Double Life","8.5","Serial Extracurricular dibintangi oleh Kim Dong Hee, yang juga pemeran dalam serial drama Korea ternama Netflix, yakni Itaewon Class."
"85","Because This Is My F","2017","16","tvN","15+","Seorang pria miskin rumah dan wanita tunawisma menjadi teman serumah dalam sebuah drama yang meneliti institusi pernikahan dan masalah yang dihadapi kaum muda saat ini.","Friendship,  Comedy,  Romance,  Life,  Drama ","Contract Relationship, Marriage Of Convenience, Housemates, Eccentric Male Lead, Multiple Couples, Socially Awkward Protagonist, Cohabitation, Sismance, Nerdy Male Lead, Writer","8.5","Drama romantis besutan sutradara Park Joon Hwa yang sebelumnya pernah menggarap drama Bring it On, Ghost ini merupakan salah satu drama Korea yang saat ini memiliki rating cukup tinggi dan turut bersaing"
"86","Circle","2017","12","tvN","15+","Berlangsung di tahun sekarang 2017 dan tahun 2037, ketika orang percaya bahwa masa depan mereka bergantung pada manusia yang mengendalikan dan mengatur emosi mereka, drama ini adalah misteri fiksi ilmiah. Ketika pengunjung asing tiba di Bumi, manusia mempelajari keterampilan baru dari mereka dan memanfaatkannya; yang terjadi kemudian adalah kisah aliansi, perlawanan, dan cinta.","Thriller,  Mystery,  Sci-Fi ","Future, Alien, Bromance, Strong Female Lead, Police, Smart Female Lead, Calm Female Lead, Smart Male Lead, Kidnapping, Character Development","8.5","Drama misteri sci-fi pertama kali yang ditayangkan di tv kabel ini menampilkan setting Korea di masa kini (2017) dan masa depan (2037). Namun drama ini berbeda dengan cerita mengenai perjalanan waktu pada umumnya, karena disini menampilkan dua timeline secara bersamaan. Jadi akan ada dua bagian cerita yang terpisah di dalamnya."
"87","What's Wrong with Se","2018","16","tvN","15+","Serial ini berkisah tentang Lee Young Joon yang narsis, wakil presiden dari sebuah perusahaan yang dijalankan oleh keluarganya. Dia sangat mementingkan diri sendiri dan sangat memikirkan dirinya sendiri, sehingga dia hampir tidak mengakui orang-orang di sekitarnya.
Lee Young Joon memiliki sekretaris yang cakap dan sabar Kim Mi So yang tetap di sisinya dan bekerja dengan rajin selama 9 tahun tanpa keterlibatan romantis. Namun, Mi So sekarang ingin mengatur hidupnya & fokus pada dirinya sendiri sehingga ketika dia memutuskan untuk mengundurkan diri dari pekerjaannya, kesalahpahaman yang lucu pun terjadi. Setelah 9 tahun ketat-hubungan kerja, dapatkah sekarang berkembang menjadi sesuatu yang lebih?","Friendship,  Business,  Comedy,  Romance ","Adapted From A Webtoon, Steamy Kiss, Male Chases Female First, Boss/Employee Relationship, Office Romance, Rich Male Lead, Arrogant Male Lead, Calm Female Lead, Trauma, Smart Female Lead","8.5","Drama ini disutradarai oleh Park Joon Hwa yang juga menyutradarai drama Bring It On, Ghost dan Because This Is My First Life serta ditulis naskahnya oleh Jung Eun Young. Kisah dari drama ini diadaptasi dari webtoon karya Jung Kyung Yoon."
"88","When the Camellia Bl","2019","40","KBS2,  Netflix","15+","Dong Baek adalah seorang ibu tunggal yang tinggal di kota kecil Ongsan. Dia menjalankan bar-restoran Camellia, sementara juga merawat putranya Pil Gu. Orang-orang Ongsan sering bergosip tentang Dong Baek. Dia tumbuh sebagai seorang yatim piatu, adalah seorang ibu tunggal dan menjalankan sebuah bar di mana banyak pria di Ongsan sering berkunjung. Terlepas dari apa yang mungkin dibisikkan penduduk setempat tentang Dong Baek, petugas polisi setempat Hwang Yong Shik sangat mencintainya. Sementara itu, mantan pacar Dong Baek, Kang Jong Ryeol, tiba-tiba muncul kembali dalam hidupnya. Dia adalah pemain bisbol terkenal, yang menyembunyikan hubungan mereka ketika mereka berkencan. Sementara Dong Baek mencoba menemukan kebahagiaan, sesuatu yang benar-benar menyeramkan mengintai di latar belakang. Seorang pembunuh berantai berkeliaran di Ongsan dan Dong Baek mungkin menjadi target.","Thriller,  Comedy,  Romance,  Drama,  Family ","Single Mother, Mystery, Police Officer, Motherhood, Serial Killer, Mother-Son Relationship, Hardworking Female Lead, Dorky Male Lead, Male Chases Female First, Nice Male Lead","8.5","Berdasarkan Nielsen Korea, drama ini juga menjadi drama berperingkat tertinggi kedua tahun 2019 dengan peringkat rata-rata semua episode 14,83% setelah drama SBS berjudul The Fiery Priest.["
"89","Itaewon Class","2020","16","jTBC,  Netflix","15+","Kehidupan Park Saeroyi telah terbalik setelah dia dikeluarkan dari sekolah karena meninju seorang pengganggu dan ayahnya terbunuh dalam sebuah kecelakaan. Mengikuti langkah ayahnya, ia membuka sebuah pub bernama ""DanBam"" di Itaewon dan, bersama dengan manajer dan stafnya, berusaha keras menuju kesuksesan dan mencapai tingkat yang lebih tinggi.","Food,  Friendship,  Business,  Romance,  Life,  Dr","Revenge, Smart Female Lead, Female Chases Male First, Strong Male Lead, Smart Male Lead, Badass Female Lead, Tragic Past, Unrequited Love, Self-centered Character, Strong Female Lead","8.5","Dalam drama “Itaewon Class”, ada beberapa karakter yang penggambarannya tidak konvensional. Karakter mereka tidak hanya mendorong norma dalam penampilan khas K-drama, tetapi juga membawa aspek penerimaan dan harapan seperti gaya “Itaewon” itu sendiri."
"90","Fight For My Way","2017","16","KBS2","15+","Bisakah Anda tetap mengejar impian Anda tanpa latar belakang yang tepat?","Friendship,  Business,  Comedy,  Romance,  Drama, ","Childhood Friends, Friends To Lovers, Strong Male Lead, Strong Female Lead, Neighbors, Strong Friendship, Personal Growth, Character Development, Secondary Couple, Ex-girlfriend Comes Back","8.5","Selain dibintangi Park Seo Joon dan Kim Ji Won, Fight for My Way juga didukung oleh Pyo Ye Jin yang juga membintangi While You Were Sleeping dan VIP. Berkat aktingnya di drakor ini, Pyo Ye Jin berhasil nominasi aktris pendatang baru terbaik dalam KBS Drama Awards 2017."
"91","Arthdal Chronicles P","2019","6","tvN,  Netflix","15+","Terletak di tanah fiksi Arthdal ​​selama zaman kuno (zaman perunggu). Eun Seom dilahirkan dengan takdir untuk membawa bencana ke Arthdal, yang menuntunnya dan ibunya, yang ingin menyelamatkannya, untuk menanggung kesulitan. Akhirnya, mereka memutuskan untuk pergi dan bepergian bersama ke tempat yang lebih baik. Meskipun Eun Seom tumbuh di tanah baru, dia dipandang sebagai orang buangan karena dia berbeda dari penduduk asli negeri itu. Ta Gon adalah pahlawan perang Arthdal. Dia telah membuka jalan bagi Arthdal ​​untuk menjadi kota dan bangsa yang makmur dan dia adalah prajurit terkuat di Arthdal. Dia bermimpi menjadi raja pertama Arthdal.","Historical,  Romance,  Drama,  Fantasy,  Political","Power Struggle, Multiple Mains, Curse, Clan, Hidden Identity, War, Identical Twins, Strong Female Lead, Orphan Male Lead, Slavery","8.5","Rating serial yang ditayangkan oleh tvN dan Netflix ini, juga terbilang tinggi. Dilansir dari Soompi, menurut lembaga AC Nielsen, episode perdananya mencatat rating 6,7 persen, dan mencapai puncaknya di titik 8 persen."
"92","W","2016","16","MBC","15+","Oh Sung Moo, ayah dari ahli bedah kardiotoraks Oh Yeon Joo, secara misterius menghilang saat menulis bab terakhir dari webtoonnya ""W"". Yeon Joo pergi ke kantornya mencari, tapi tangan dari monitor tiba-tiba menarik dia masuk, dan dia menemukan dirinya di atap gedung, di sebelah seorang pria berlumuran darah. Dia berhasil menyelamatkan orang itu, hanya untuk menyadari bahwa dia adalah Kang Cheol, karakter utama webtoon ayahnya. Yeon Joo kemudian mengetahui bahwa dia hanya bisa masuk dan keluar dari webtoon tergantung pada perasaan Kang Cheol.","Action,  Thriller,  Comedy,  Romance,  Fantasy,  M","Parallel Dimension, Crossworlds Traveler, Webtoon Artist, Steamy Kiss, Murder, Rich Male Lead, Serial Killer, Revenge, Star Crossed Lovers, Tragic Past","8.5","Melansir dari Korea Herald, Drama W: Two Worlds memenangkan kategori Special Jury Awards dalam ajang tahunan WorldFest-Houston International Film Festival yang digelar di Texas, Amerika Serikat."
"93","Beautiful World","2019","16","jTBC,  Viki ","15+","Drama ini adalah tentang seorang anak laki-laki di tepi hidup dan mati, dan pencarian keluarganya untuk menemukan kebenaran. Di tengah kebohongan dan rahasia, ketidakpercayaan dan rasa sakit, keluarga mencari harapan di dunia yang gila ini. Mu Jin, adalah seorang guru dan seorang ayah. Istrinya, In Ha, menjalankan 'Ho Ho Bakery' dan mereka memiliki putra kelas 9 dan putri kelas 8.
Demi pendidikan anak-anak mereka, mereka pindah ke lingkungan yang berbeda. Suatu hari, di sekolah kompetitif baru mereka, Sun Ho mengalami kecelakaan, menyebabkan dia mati otak. Ayah dan ibu, dipenuhi dengan rasa bersalah dan kemarahan yang besar karena kecelakaan itu, menyelidiki untuk mencari tahu apa yang terjadi yang menyebabkan kecelakaan itu. Su Ho, Adik perempuan Sun Ho, juga berangkat sendiri untuk mencari tahu kebenaran di balik kecelakaan kakaknya.","Life,  School,  Family,  Melodrama ","School Bullying, Family Relationship, Coma, Tearjerker, Sibling, Student, Psychopath, High School, Married Couple, Teacher","8.5","Walaupun awalnya merasa ragu, tapi akhirnya sutradara Park Chan Hong bersama penulis skenario Kim Ji Woo memutuskan untuk mewujudkan project ini bersama. Perlu 5 tahun bagi Kim Ji Woo untuk meyakinkan Park Chan Hong untuk memproduksinya. Ji-Woo berkata, jika bukan mereka, siapa lagi yang akan mewujudkannya."
"94","Search","2019","16","tvN","15+","Drama ini berkisah tentang konflik, menang, dan kalah yang dialami seseorang saat bekerja. Ini akan mengikuti kisah wanita abad ke-21, yang memilih untuk tidak menjadi istri atau ibu dan berhasil bekerja tanpa diskriminasi atau hambatan.","Business,  Comedy,  Romance,  Drama,  Family,  Pol","Strong Female Characters, Successful Female Lead, Smart Female Lead, Strong Female Lead, Independent Female Lead, Female Centered Plot, Sismance, Social Media, Teamwork, Older Woman/Younger Man","8.5","Drama ini disutradarai oleh Jung Ji Hyun, yang mengerjakan Mr. Sunshine, The King: Eternal Monarch dan You Are My Spring. Sementara naskhanya ditulis oleh Kwon Do Eun, yang telah membangun filmografinya sebagai asisten penulis naskah untuk Kim Eun Sook. Penulis dan sutradara satu ini bersatu kembali menggarap drakor baru Netflix, yakni Twenty-Five Twenty-One."
"95","Doctor John","2019","32","SBS","15+","“Doctor John” adalah drama medis baru tentang dokter yang berspesialisasi dalam manajemen nyeri. Dalam genre yang menyegarkan, ""Doctor John"" akan menggambarkan pencarian para dokter untuk penyebab rasa sakit misterius pasien mereka sebagai pengejaran yang mendebarkan, hampir seperti seorang detektif yang memburu pelaku di balik kejahatan yang belum terpecahkan.","Mystery,  Comedy,  Romance,  Life,  Drama,  Medica","Doctor, Smart Male Lead, Mature Protagonist, Incurable Disease, Eccentric Male Lead, Euthanasia, Hardworking Male Lead, Secret, PTSD, Ex-convict","8.5","Ji Sung, untuk pertama kalinya mendapat peran utama sebagai seorang dokter di Doctor John. Dan untuk kedua kalinya menjadi narapidana."
"96","Thirty But Seventeen","2018","32","SBS","15+","Woo Seo Ri, seorang ahli biola berusia 17 tahun yang akan belajar di Jerman, mengalami kecelakaan bus dan mengalami koma saat bangun 13 tahun kemudian. Secara mental dia masih berusia 17 tahun, sementara secara fisik dia sekarang berusia 30 tahun.","Music,  Mystery,  Comedy,  Romance,  Drama ","Cohabitation, Healing, First Love, Coma, Tragic Past, Naive Female Lead, Nice Female Lead, Trauma, Eccentric Male Lead, Nice Male Lead","8.5","Drama ini disutradarai oleh Jo So Woon, yang juga menyutradarai drama I Hear Your Voice dan Pinocchio. Drama-drama yang dibuatnya terbukti sukses dengan kepopulerannya, dan berlaku juga untuk Thirty but Seventeen yang mendapat rating tinggi saat penayangannya. Bahkan, dia juga mendapat penghargaan untuk kategori Best Director di tahun 2015 silam."
"97","Vagabond","2019","16","SBS,  Netflix","15+","Cha Dal Gun menjadi harimau yang terbangun dalam menghadapi kematian keponakannya dalam kecelakaan pesawat misterius. Sebagai seorang yatim piatu, dia membesarkan keponakannya seorang diri menggantikan saudaranya yang telah meninggal. Dipicu oleh penutupan besar-besaran dari insiden tersebut, ia memulai perjalanan untuk menemukan kebenaran.","Action,  Thriller,  Mystery,  Crime,  Melodrama ","Plane Crash, Revenge, National Intelligence Service, Corruption, Agent, Death Of A Child, Death, Strong Male Lead, Spy, Terrorist","8.5","Vagabond akan menjadi satu produksi besar, diperkirakan drama yang menggunakan efek khusus kamera ini menghabiskan biaya produksi mencapai sekitar US$ 23 juta atau sekitar Rp 319 miliar."
"98","Be Melodramatic","2019","16","jTBC,  Viki ","15+","Im Jin Joo, Lee Eun Jung, dan Hwang Han Joo adalah sahabat karib yang berusia 30 tahun.","Friendship,  Comedy,  Romance,  Life,  Melodrama ","Multiple Mains, Sismance, Strong Female Lead, Best Friends, Multiple Couples, Independent Female Lead, Housemates, Female Centered Plot, Eccentric Female Lead, Writer","8.5","Drama Be Melodramatic merupakan drama comeback Chun Woo Hee setelah terakhir diketahui bermain dalam drama Argon yang juga dibintangi mendiang aktor Lee Joo Hyuk di tahun 2017."
"99","Mad for Each Other","2021","13","Netflix","15+","Tentang dua orang dengan kisah menyakitkan mereka sendiri yang melalui proses rumit menyakitkan dan penyembuhan saat jatuh cinta satu sama lain.","Comedy,  Romance,  Drama ","Trauma, Enemies To Lovers, Healing, Character Development, Unfortunate Male Lead, Stalking, Mental Disorder, Cross-Dressing, Detective, Personal Growth","8.5","Drama Mad For Each Other jadi debut drama resmi Lee Suhyun AKMU setelah membintangi webdrama tahun 2017."
"100","The Princess's Man","2011","24","KBS2","15+","Putri Se Ryung adalah putri Pangeran Agung Su Yang yang keras kepala dan berpikiran maju, yang bertekad untuk menjadi Raja. Dia jatuh cinta dengan putra musuh bebuyutannya, dan romansa mereka terperangkap dalam baku tembak pencarian ayahnya untuk takhta.","Action,  Historical,  Romance,  Political ","Forbidden Love, Strong Male Lead, Power Struggle, Strong Female Lead, Family Pressure, Joseon Dynasty, Revenge, Princess Lead, Grief, Star Crossed Lovers","8.5","Pada saat penyiarannya, drama ini mendapatkan rating yang sangat baik. Bahkan ratingnya sampai tembus 23,8% hingga membuatnya menjadi salah satu drama kerajaan paling recommended."
